XX,Fold_change,Gene_Name
Activator protein,,
1,–,SIPA1L2
Adaptor/scaffold,,
2,-2.5,ABI1; ABI1; ABI1
3,-2.5,ABI1; ABI1; ABI1
9,-2.5,ABI1; ABI1; ABI1
11,1.1,ABI1; ABI1; ABI1
16,–,ABI1
17,–,ABI1
18,–,ABI1; ABI1; ABI1
19,-1.9,ABI2; ABI2
20,-1.9,ABI2; ABI2
21,-1.9,ABI2; ABI2
22,-2.6,ABI2; ABI2
23,-1.9,ABI2; ABI2
24,-2.6,ABI2; ABI2
26,-1.2,ABI2; ABI2
31,1.4,ABI2; ABI2
33,1.1,AFAP1; AFAP1
34,–,AFAP1
35,–,AFAP1
36,–,AFAP1
37,-1.1,AFAP1
40,-2.2,AFAP1
43,-2.2,AFAP1
44,-1.8,AHNAK
46,-16.3,AHNAK
48,-1.3,AHNAK
49,-1.4,AHNAK
52,-1.1,AHNAK
53,1.4,AKAP11
54,-1.6,AKAP2; PALM2-AKAP2
55,-1.6,AKAP2; PALM2-AKAP2
56,1.4,ANK1; ANK1; ANK1; ANK2; ANK2; ANK3; ANK3; ANK3
58,1.4,ANK2; ANK2
59,1.4,ANK2; ANK2
60,1.3,ANK2; ANK2
61,-1.5,ANK3; ANK3; ANK3
64,-1.5,ANK3; ANK3; ANK3
69,–,ANK3; ANK3; ANK3
70,-3.8,ANK3; ANK3; ANK3
71,1.3,AP1B1; AP2B1
73,1.7,AP2A1
74,1.7,AP2A1
76,–,APBA1
77,-1.2,APBB1; APBB1
78,-1.7,APLP1
79,-1.5,APLP1
80,-1.5,APLP1
82,-1.7,APLP1
84,1.1,ARR3
85,1.9,ARRB1; ARRB1
87,2.1,ARRB1; ARRB1
88,1.1,ARRB1; ARRB1
91,-1.3,BCAR1
93,-1.3,BCAR1
94,-1.3,BCAR1
96,-1.2,BCAR1
98,1.1,BCAR1
101,-1.5,BCAR1
104,-1,BCAR1
105,-1.5,BCAR1
108,-1.7,BCAR1
110,-1.1,BCAR1
113,–,BCAR1
123,1.3,BCAR3
126,-1.7,BCAR3
127,-1.7,BCAR3
129,-1.1,BCAR3
130,-1.1,BCAR3
131,–,BCAR3
133,-1.2,CACYBP
135,-1.1,CACYBP
137,-1.1,CACYBP
138,-1.1,CACYBP
140,1.3,CACYBP
142,-2.1,CBL; CBLB
144,-1.2,CBL
145,-1.2,CBL
146,-1.1,CBL
148,-1.9,CBL
149,–,CBLB
150,-2.9,CBLB
153,–,CRK; CRK
158,-2.5,CRK
161,-1.4,CRK
164,–,CRKL
165,-3.3,CRKL
169,-1.3,CRKL
173,-2.2,CTNND1; CTNND1; CTNND1; CTNND1
175,1.2,CTNND1; CTNND1; CTNND1; CTNND1
176,–,CTNND1; CTNND1; CTNND1; CTNND1
178,1.1,CTNND1; CTNND1; CTNND1; CTNND1
179,-1.1,CTNND1; CTNND1
182,-1,CTNND1; CTNND1; CTNND1
184,-1,CTNND1; CTNND1; CTNND1
186,-1.3,DAB1
187,1.2,DIAPH1; DIAPH1
188,1.2,DIAPH1; DIAPH1
189,1.4,DLG1; DLG1; DLG1
190,1.1,DLG1; DLG1; DLG1
196,-1.3,DLG2; DLG2
198,-1.4,DLG2; DLG2
200,-1.4,DLG2; DLG2
203,-2.4,DLG2; DLG2; DLG2
205,-6.4,DLG3; DLG3
206,1.5,DMXL2
208,-1.2,DNMBP
209,-2,DOCK1; DOCK1
214,1.1,DOCK1; DOCK1
215,–,DOK1
216,–,DOK1
218,–,DOK1
220,-2.1,DOK1
221,-2.2,DOK1
223,–,DOK1
224,–,DOK1
228,-2.2,DOK1
230,–,DOK1
231,-2.2,DOK1
234,-1.6,DOK1
237,-1.4,DOK4
239,–,DOK4
240,1,EFS
242,1.5,ENAH; ENAH; ENAH
244,1.3,EPB41L1; EPB41L1
249,1.4,EPS15L1; EPS15L1
253,–,FAM125A
255,1.2,FAM125A
256,–,FAM125A
258,-1,FAM125A
261,1.3,FAM59A; FAM59A
262,2.4,FCHSD2
263,-1.1,FLOT1
264,-1.4,FLOT1
265,1.3,FLOT1
266,-4,FNBP1L; FNBP1L
267,-1.4,FRS2
269,-1.4,FRS2
279,-7.3,FRS2
283,-9.1,FRS2
288,-1.3,FRS2
291,13,FRS2
292,-2.7,FRS2
300,-8,FRS3
301,-1.2,FRS3
302,-6.7,FRS3
304,-8.6,FRS3
305,-1,G3BP1
307,-1.4,G3BP2; G3BP2
311,-1.9,GAB1; GAB1
312,-2.8,GAB1; GAB1
314,–,GAB1; GAB1
316,-65.4,GAB1; GAB1
318,–,GAB1; GAB1
321,-128.9,GAB1; GAB1
326,-9.3,GAB1; GAB1
327,-9.2,GAB1; GAB1
330,-13,GAB2
331,-13,GAB2
332,-14.3,GAB2
333,-14.3,GAB2
334,-1.6,GAB2
336,-1.6,GAB2
338,1,GAB2
342,-5.4,GAB2
348,-2.4,GGA2
349,1.5,GNB2L1
350,1.5,GNB2L1
351,1.5,GNB2L1
353,-2.6,GRB10
354,-2.9,GRB2
356,-2.1,GRB2
361,-1.3,GRB2
362,–,GRIP1; GRIP1
366,–,HGS
370,1.1,HGS
385,-1.2,HGS
389,-1.8,HGS
391,-1.8,HGS
392,-1.8,HGS
393,-1.8,HGS
396,-2.2,HGS
398,-1.7,HGS
400,1.2,HGS
401,-1.5,HGS
408,-1.1,IRS1
415,-18,IRS1
418,1.3,IRS2
419,1.3,IRS2
420,1.3,IRS2
422,-2.6,IRS2
424,-2.6,IRS2
427,-2.6,IRS2
429,-10.3,IRS2
430,-10.3,IRS2
431,1.7,IRS2
437,1.2,IRS2
451,1.2,IRS2
457,-5.8,IRS2
459,-5.8,IRS2
460,-13.6,IRS2
461,-5.8,IRS2
463,-1.5,IRS2
464,-1.1,IRS2
470,–,IRS2
471,-7.4,IRS2
480,1.3,IRS2
491,1.3,IRS2
514,-15.3,IRS2
515,-2.8,IRS2
516,-2.8,IRS2
518,-3.4,IRS2
521,-3.4,IRS2
523,-4.3,IRS2
524,-1.8,IRS2
526,-1.2,IRS2
531,1.1,IRS2
532,1.1,IRS2
534,-1.4,IRS2
537,-2.1,IRS2
538,-2.1,IRS2
539,-2.1,IRS2
541,-2,IRS2
550,-1.2,IRS2
565,25.6,IRS2
566,–,IRS2
567,-3.8,ITSN2
570,–,ITSN2
573,1.3,KPNA1
575,1,LAMTOR1
577,-1.2,LAMTOR1
578,1,LIMS1; LIMS1; LIMS1; LIMS2; LIMS2
580,-2.4,LMO7; LMO7; LMO7
584,1.4,LPP
592,1.4,LPP
595,–,LPP
596,–,LPP
597,–,LPP
599,–,LPP
602,-1.2,LPP
606,–,LPP
612,-1.5,LPP
613,-1.5,LPP
614,-1.5,LPP
615,1,MAGI2
616,1,MAGI2
618,2.2,MAVS
619,-1.7,MDN1
620,-1.5,MPDZ
621,-1.3,MPP2; MPP2
622,–,MPP5
623,–,MPP5
624,1.1,MPP5
626,1.1,MPZL1
627,–,MPZL1
628,1.1,MPZL1
632,-1.9,MPZL1
638,-1.4,MPZL1
644,-1.1,NCK1
650,-1.7,NCK1
652,-2.1,NCK1
656,-2.1,NCK1
657,-2.1,NCK1
659,-1.2,NCK2
660,-1.2,NCK2
662,-1.2,NCK2
663,-1.2,NCK2
664,-1.3,NEDD9
666,-1.7,NEDD9
668,-1.2,NEDD9
670,-2.3,NEDD9
688,-1.6,NEDD9
690,-1.5,NEDD9
694,–,NEDD9
697,-1.4,NEDD9
698,1.2,NMD3
703,-1.1,PACS1
704,-1.3,PAG1
708,1.2,PAG1
717,-1.2,PAG1
719,1.2,PARD3; PARD3
724,-1.1,PARD3; PARD3
728,-1.1,PARD3; PARD3
729,-1.8,PARD3; PARD3
730,-1.2,PARD3; PARD3
731,-1.2,PARD3; PARD3
732,-1.3,PARD3; PARD3; PARD3
734,-1.3,PARD3; PARD3; PARD3
735,-1.3,PARD3; PARD3; PARD3
736,-1.3,PARD3; PARD3; PARD3
737,1.2,PARD3; PARD3; PARD3
738,1,PARD3; PARD3; PARD3
740,–,PARD3; PARD3; PARD3
742,-1.3,PARD3; PARD3; PARD3
745,1.1,PARD3; PARD3; PARD3
746,–,PARD3; PARD3; PARD3
748,1.3,PARD3B; PARD3B
749,1.3,PARD3B; PARD3B
750,–,PDCD6IP
751,1,PDLIM5; PDLIM5
752,1,PDLIM5; PDLIM5
753,1,PDLIM5; PDLIM5
754,-12.6,PDZD11
758,1.5,PELI1
759,1,PELI2
772,-1.3,PXN; PXN; PXN; PXN
775,–,PXN; PXN; PXN; PXN
776,-1.3,PXN; PXN; PXN; PXN
778,–,PXN; PXN; PXN; PXN
780,–,PXN; PXN; PXN
783,-1.2,PXN; PXN; PXN; PXN
786,-1.3,PXN; PXN; PXN; PXN
789,-1.3,PXN; PXN; PXN; PXN
791,-1.7,RAPH1
792,-2,RICTOR
799,1.2,SDCBP; SDCBP
807,2,SDCBP; SDCBP
812,2,SDCBP; SDCBP
814,2,SDCBP; SDCBP
823,1.1,SDCBP; SDCBP
829,1.3,SFN; YWHAG; YWHAH; YWHAZ
830,-1.1,SH2B1
832,-1.4,SH2B3
833,–,SH2B3
834,-1.7,SH2D3C; SH2D3C
835,-1.7,SH2D3C; SH2D3C
838,-1.7,SH2D3C; SH2D3C
841,-3.3,SH2D3C; SH2D3C
842,-1.9,SH2D3C; SH2D3C
845,-1.5,SH3PXD2A; SH3PXD2A
847,-1.4,SHANK2; SHANK2
848,-1.6,SHANK3
849,-1.6,SHANK3
852,–,SHB
854,-1.2,SHB
859,-1.7,SHB
860,-1.7,SHB
861,-1.7,SHB
862,–,SHC1; SHC1; SHC1
864,–,SHC1; SHC1; SHC1
869,-3.7,SHC1; SHC1; SHC1
874,-3.6,SHC1; SHC1; SHC1
887,-5.4,SHC2
888,-5.4,SHC2
889,-5.4,SHC2
890,-5.4,SHC2
891,-5.4,SHC2
892,-1.2,SHC3; SHC3
894,-1.5,SHC3; SHC3
896,-4.2,SHC3; SHC3
898,-1.5,SHC3; SHC3
900,-4.2,SHC3; SHC3
902,-1.5,SHC3; SHC3
903,-1.8,SHC3; SHC3
904,-1.8,SHC3; SHC3
905,-4.5,SHC3
906,–,SHC4
907,-1.8,SHD
909,–,SHD
911,–,SPRY1
912,-1.6,SPRY1
915,-2.8,SPRY1
916,-1.4,SPRY2
919,-2.3,SPRY2
923,-2.3,SPRY2
926,1,SPRY4
937,1.3,SPTAN1; SPTAN1
940,–,SPTAN1; SPTAN1
941,1.2,SPTAN1; SPTAN1
944,1.2,SPTAN1; SPTAN1
945,1.2,SPTAN1; SPTAN1
946,1.1,SPTAN1; SPTAN1
948,1.1,SPTAN1; SPTAN1
950,–,SPTAN1; SPTAN1
952,-2.8,STAM
953,-2.8,STAM
956,1.6,STAM
957,-4.4,STAM2
958,-3,STAM2
959,-3,STAM2
960,-3,STAM2
961,-3,STAM2
963,-1.3,TJP1; TJP1
964,-1.3,TJP1; TJP1
965,-1.3,TJP1; TJP1
966,-1.2,TJP1; TJP1
967,-2.1,TJP1; TJP1
969,-1.2,TJP1; TJP1
970,-1.2,TJP1; TJP1
971,-1.2,TJP1; TJP1
973,1,TJP1; TJP1
974,1,TJP1; TJP1
975,1,TJP1; TJP1
976,-2,TJP1; TJP1
977,-2,TJP1; TJP1
978,1.1,TJP1; TJP1
979,-1.1,TJP1
980,–,TJP2
981,-1.9,TJP2
984,-1.2,TJP2; TJP2
985,–,TJP2
987,–,TNS1
988,–,TNS1
990,–,TNS1
991,–,TNS1
992,–,TNS1
993,–,TNS1
994,–,TNS1
996,–,TNS1
998,-2.3,TNS1
1003,–,TNS1
1005,1,TNS1
1006,–,TNS1
1007,-2.3,TNS1
1013,1.5,TNS1
1014,-2.3,TNS1
1016,1.5,TNS1
1017,–,TNS1
1018,-1.3,TNS1
1019,–,TNS1
1021,–,TNS1
1022,–,TNS1
1024,–,TNS1
1025,1.5,TNS1
1029,-1.6,TNS1
1034,-1.6,TNS1
1036,-1.6,TNS1
1038,-1.6,TNS1
1039,1.5,TNS1
1042,–,TNS1
1050,-1.4,TNS1
1051,–,TNS1
1054,-1.3,TNS1
1055,-1.3,TNS1
1056,1.1,TNS1
1057,1.1,TNS1
1058,–,TNS1
1059,1.5,TNS1
1061,1.1,TNS1
1063,-1.1,TNS1
1065,1.1,TNS1
1067,–,TNS1
1069,–,TNS1
1071,–,TNS3
1072,1.3,TNS3
1073,1.3,TNS3
1076,1.2,TNS3
1078,1.5,TNS3
1080,1.5,TNS3
1081,-1.1,TNS3
1083,-1.1,TNS3
1084,–,TNS3
1087,1.1,TNS3
1090,-4.3,TNS3
1091,–,TNS3
1096,-1.5,TNS3
1100,-1.1,TOM1L1
1102,1.2,TOM1L1
1103,–,TOM1L1
1104,–,TOM1L1
1106,–,TOM1L1
1107,-2.3,TOM1L1
1109,1.1,TRAF4
1110,–,TRIP6
1111,1.2,VANGL1
1113,-1.6,VANGL2
1118,-1.2,VANGL2
1125,1.1,WASL
1129,1.4,WDR45L
1130,1.1,WDR5; WDR5B
1131,–,WDR62
1132,-2.4,WIPF2
1134,-5.9,WIPF2
1135,1.6,YWHAB
1136,-1.7,YWHAB; YWHAZ
1138,1.1,YWHAE; LOC284100
1140,–,YWHAE
1141,-1,YWHAG
1142,-1.4,YWHAG
1145,-1.4,YWHAG
1147,-1.1,YWHAH
1148,1.3,YWHAQ
1149,1.3,YWHAZ
1150,-1.3,ZFYVE20
Adhesion or extracellular matrix protein,,
1151,-1.9,ABLIM1; ABLIM1
1152,-1.9,ABLIM1; ABLIM1
1154,-1.9,ABLIM1; ABLIM1
1155,-1.9,ABLIM1; ABLIM1
1156,–,ABLIM1; ABLIM1
1158,-1.5,ACTA1; ACTA2; ACTB; ACTC1; ACTG1; ACTG2
1162,-1.2,ACTA1; ACTA2; ACTB; ACTC1; ACTG1; ACTG2
1172,1.3,ACTA1; ACTB; ACTC1; ACTG1; FKSG30; POTEE; POTEF; POTEI; POTEJ; POTEM
1178,1.1,ACTB; ACTG1
1182,1.1,ACTB; ACTG1
1187,1.1,ACTB; ACTG1
1191,1.5,ACTB; ACTG1; POTEE
1215,1.2,ACTB; ACTG1
1218,-2.2,ACTB; ACTG1
1220,-1.1,ACTN1
1221,1,ACTN1; ACTN4; ACTN4
1223,1.2,ACTN1; ACTN4; ACTN4
1224,1.6,ACTN1; ACTN4; ACTN4
1229,–,ACTN4; ACTN4
1231,1.2,ACTR1A; ACTR1B
1232,-1.2,ACVR2A
1233,1.1,ADAM10
1234,1.1,ADAM10
1235,-2,ADAM12
1236,-2.3,ADAM12
1237,-2.4,ADAM19; ADAM19
1238,-1.2,ADAM22
1239,-1,ADAM9
1240,-1,ADAM9
1241,–,ADAM9
1242,-1.1,ADAM9
1243,-1.5,ADAM9
1244,-1.5,ADAM9
1245,-1.5,ADAM9
1247,-1.5,ADD1; ADD1
1249,-2,ADD3
1251,-1.4,AGK
1252,1.2,AK8
1253,–,ANXA11
1254,–,ANXA11
1255,–,ANXA2
1256,-1.1,ANXA2
1260,-2.6,ANXA2
1265,–,ANXA2
1268,-1.8,ANXA2
1269,–,ANXA2
1271,1.6,ANXA2
1272,1.6,ANXA2
1273,1.6,ANXA2
1274,1.2,ANXA6
1275,-4.6,ANXA6
1281,-7.3,ARHGAP35
1282,–,ARHGAP35
1284,–,ARHGAP35
1285,–,ARHGAP35
1286,1.6,ARHGAP35
1290,1.6,ARHGAP35
1306,-1,ARHGAP35
1308,-1,ARHGAP35
1309,-1,ARHGDIA; ARHGDIA
1312,1.2,ARHGEF7
1313,1.5,ARPC3
1317,-1.3,ASAP3
1318,-14.7,ASAP3
1319,-14.7,ASAP3
1322,1.2,Arp3
1323,1.2,Arp3
1324,-4.6,BICD2
1325,-4.6,BICD2
1326,1.4,BRK1
1327,1.2,CAPZB; CAPZB
1330,-1.1,CCT8
1331,-1,CCT8
1332,1.4,CDC5L
1333,-1.5,CDH2
1335,–,CDH23
1341,-1.2,CFL1
1343,1.2,CFL1
1347,1.2,CFL1
1348,1.2,CFL1; CFL2
1349,-1,CLASP2; CLASP2
1350,-1,CLASP2; CLASP2
1353,1.1,CLTC
1356,1.9,CLTC
1357,–,CLTC
1359,1.3,CLTC
1361,1.1,CLTC
1362,1,CLTC
1363,1.2,CLTC
1366,–,CLTC
1367,1.2,CLTC
1369,1.5,CNN3
1372,1.4,CNN3
1374,–,CNTN6
1375,1.1,COG4
1377,1.3,COL5A3
1379,-1.2,COPA
1380,1.8,COPA
1382,1.3,COPB2
1383,1.1,COPG2
1384,1.3,COPG2
1388,1,CORO1C
1391,1.5,CORO1C
1392,-1.5,CRIP2
1393,1,CRIP2
1394,-1.5,CRIP2
1397,1.5,CTNNA1
1398,1.6,CTNNA1
1399,1.4,CTNNA1
1400,1.2,CTNNA1; CTNNA2
1403,-1,CTNNA2
1404,1,CTNNB1
1405,–,CTNND2
1406,–,CTPS
1407,-1.4,CTTN; CTTN
1408,-1.4,CTTN; CTTN
1409,-1.4,CTTN; CTTN
1410,-1.2,CTTN; CTTN
1411,-3.9,CTTN; CTTN
1412,–,CTTN; CTTN
1413,–,CTTN; CTTN
1414,–,CTTN; CTTN
1415,-2.9,CYFIP1; CYFIP1; CYFIP2
1416,-1.5,CYFIP1; CYFIP2
1419,–,CYFIP1
1422,1.1,CYFIP2
1423,1.1,CYFIP2
1424,1.1,CYFIP2
1425,1.2,DBN1
1426,-1.5,DBN1
1427,-1.1,DBNL; DBNL; DBNL
1428,1.3,DCTN2
1430,1.2,DCTN4
1432,1.2,DCTN4
1435,–,DGKA
1437,2,DNM1
1440,-1.3,DOCK11
1441,-1.3,DOCK11
1442,-1.3,DOCK11
1443,–,DOCK11
1444,–,DOCK11
1447,-1.1,DOCK4
1452,2.5,DPYSL2; DPYSL2; DPYSL3; DPYSL3
1459,1.9,DPYSL2; DPYSL2
1460,1.1,DSTN
1462,-1,DTNA
1464,-1,DTNA
1465,-1,DTNA
1466,1.7,DYNC1H1
1467,-2.3,DYNC1H1
1468,1.5,DYNC1H1
1473,1.5,DYNC1H1
1475,1.3,DYNLL1; DYNLL2
1476,1.8,DYNLRB1
1487,–,ELMO2
1490,2.2,ELMO2
1493,2.2,ELMO2
1497,-1.3,ERH
1499,1.2,FAT1
1501,1.5,FAT1
1503,1.5,FAT1
1504,-1.2,FAT1
1505,-1.2,FAT1
1506,–,FDPS
1508,1,FERMT1; FERMT2; FERMT2
1510,-1.6,FERMT2; FERMT2
1511,-1.6,FERMT2; FERMT2
1513,-1.6,FERMT2; FERMT2
1514,-1.6,FERMT2; FERMT2
1517,-1.7,FERMT2; FERMT2
1521,-1,FERMT2; FERMT2
1525,-1,FERMT2; FERMT2
1529,–,FERMT2; FERMT2
1531,-1,FERMT2; FERMT2
1532,1.3,FERMT2; FERMT2
1533,–,FLNA
1535,–,FLNA
1536,–,FLNA
1537,–,FLNA
1539,-1.1,FLNA
1540,-1.5,FLNA
1541,-1.5,FLNA
1543,-1.5,FLNA
1544,1.5,FLNB
1545,1.5,FLNB
1546,1.5,FLNB
1548,2,FLNB
1549,2,FLNB
1550,–,FLNC
1551,–,FLNC
1553,–,FLRT1
1557,-2.2,FLRT3
1558,1.1,FLRT3
1559,–,FRAS1; FRAS1
1560,3.8,FREM2
1561,1.2,FREM2
1562,1.4,FSCN1
1563,-1.1,FUBP1; FUBP1
1565,-1.1,FUBP1; FUBP1
1566,1.4,GDI1; GDI2; GDI2
1567,1.9,GDI1; GDI2; GDI2
1569,1.9,GDI1; GDI2; GDI2
1571,1.9,GDI1; GDI2; GDI2
1573,2.2,GDI1; GDI2; GDI2
1578,1.3,GDI1
1580,2,GDI2
1581,1.9,GDI2
1592,1.6,GDI2; GDI2
1594,1.6,GDI2; GDI2
1595,1.2,GDI2; GDI2
1602,1.2,GDI2; GDI2
1604,1,GDI2; GDI2
1605,-1,GIT1; GIT1
1608,1.1,GIT1; GIT1
1611,-2,GPER
1612,1.9,HS2ST1
1613,-1.7,HSPA1A; HSPA1B
1616,-1.7,HSPA1A; HSPA1B
1617,1.4,HSPA1A; HSPA1B; HSPA1L; HSPA2; HSPA6; HSPA7; HSPA8
1618,–,HSPB1
1620,1.5,IQGAP1
1621,1.1,IQGAP1
1622,-1.3,ITGA3
1623,–,ITGA4
1624,–,ITGA8
1625,1.1,ITGAX
1627,-1.1,ITGB1
1629,-1.2,ITGB1
1631,–,ITGB5
1632,–,ITGB5
1633,-3.2,JUP
1634,1.3,JUP
1635,-1.1,KATNB1
1636,-1.3,KCNH2; KCNH2; KCNH2
1638,1.3,KIAA0319L
1639,-1.3,KIF23; KIF23
1640,-1.1,KRIT1
1645,-1.2,LASP1; NEBL
1647,1.2,LAYN
1648,1.2,LAYN
1649,–,LGALS1
1650,–,LIMD1
1655,–,LIMD1
1656,-1.7,LIN7C
1657,-1.7,LIN7C
1658,-1.7,LIN7C
1659,-1.3,LLGL1
1660,1.1,LLGL1
1663,1.1,LLGL1
1664,-1.5,MAGI1; MAGI1
1666,–,MAGI1; MAGI1
1667,-1.5,MAGI1; MAGI1
1668,1,MAP1B
1670,1.1,MAP1B
1671,1.1,MAP1B
1673,1.1,MAP1B
1675,1.1,MAP1B
1676,1.6,MAP1B
1678,1.6,MAP1B
1682,1.1,MAP1B
1683,1.6,MAP1B
1684,1.9,MAP1B
1685,1.9,MAP1B
1686,2.3,MAP1B
1689,-1.1,MAP1B
1690,-1.1,MAP1B
1691,-1.1,MAP1B
1692,-1.1,MAP1B
1693,-1.1,MAP1B
1695,-1.1,MAP1B
1697,1.5,MAP1B
1701,-1.1,MAP1B
1704,-1.1,MAP1B
1706,-1.1,MAP1B
1707,-1.1,MAP1B
1711,-1.1,MAP1B
1713,-1.1,MAP1B
1714,1,MAP1B
1715,-1.2,MAP1B
1716,1.2,MAP1B
1717,-1.2,MAP1B
1719,-1.2,MAP1B
1720,-1,MAP1B
1721,-1.4,MAP2; MAP2
1722,-1.4,MAP2; MAP2
1723,-1.3,MAP2; MAP2
1724,–,MEMO1
1725,-1.4,MFAP3
1729,-1,MLLT4; MLLT4; MLLT4
1730,-1,MLLT4; MLLT4; MLLT4
1731,-1,MLLT4; MLLT4; MLLT4
1733,-1,MYH10; MYH10
1734,-1.4,MYH10; MYH10
1736,–,MYH9
1738,-1.1,MYH9
1739,–,MYH9
1740,2.1,MYH9
1742,–,MYH9
1743,–,MYL6; MYL6; MYL6B
1745,-1.1,MYO1B
1746,1.5,MYO1B
1747,–,MYO1D
1748,1,NAV1; NAV1
1749,1.3,NCKAP1
1750,1.2,NDST2
1751,-1.6,NME1-NME2; NME2
1753,1.1,NUMA1
1754,–,NUP98; NUP98
1756,1.4,PABPC1; PABPC4; PABPC4
1758,-1.2,PABPC1; PABPC3
1762,1.2,PABPC1; PABPC4; PABPC4
1766,–,PCDHGC3
1767,–,PCDHGC3
1768,–,PCDHGC3
1771,–,PCDHGC3
1773,–,PCDHGC3
1777,1.6,PFN1
1791,1.5,PFN2; PFN2
1793,1.5,PFN2; PFN2
1795,1,PHB
1797,1.3,PI4K2A
1800,-1.1,PI4K2A
1806,1.4,PI4KA
1811,-1.6,PI4KA
1812,1.4,PIK3C2A
1814,–,PIK3C2A
1816,–,PIK3C2A
1822,1,PIK3C2B
1823,1.5,PIK3CA
1825,-1,PIK3CB
1826,1,PIK3R1
1832,1.1,PIK3R1
1833,1,PIK3R1
1834,1.1,PIK3R1
1836,1.5,PIK3R1
1839,–,PIK3R1
1841,1.7,PIK3R1
1843,1.3,PIK3R2
1844,1,PIK3R2
1849,1.3,PIK3R2
1850,1.2,PIK3R2
1851,1.1,PIK3R3
1852,1.3,PIP4K2A; PIP4K2B
1853,1.2,PIP5K1A; PIP5K1A; PIP5K1A; PIP5K1C
1854,-1,PIP5K1A; PIP5K1A
1855,1.2,PLCG1; PLCG1
1856,1.2,PLCG1; PLCG1
1857,1.1,PLCG1; PLCG1
1858,1.1,PLCG1; PLCG1
1859,-1.2,PLCG1; PLCG1
1860,-1.1,PLCG1; PLCG1
1862,–,PLEC; PLEC; PLEC; PLEC; PLEC
1863,–,PLEC; PLEC; PLEC; PLEC; PLEC
1864,-1,PLXNA1
1866,1.2,PPA1
1871,1.5,PPA1
1872,1.6,PVR
1873,-1.1,RAB8A; RAB8B
1874,–,RABGEF1
1875,-1.5,RAE1
1878,1.2,RAN
1881,1.2,RAN
1882,1.6,RAN
1883,1.1,RAN
1884,1.3,RASA1
1886,-1.2,RHOA
1887,-1.1,ROBO1
1888,–,ROBO1
1889,-1.2,ROBO1
1890,-1.7,RTN4
1892,1.1,RXRA; RXRB; RXRG
1895,-1.1,SDC1
1896,1.1,SDC1
1897,1.1,SDC1
1898,-1.8,SDC2
1902,-1.3,SDC2
1903,1,SDC2
1905,-1.2,SDC4
1906,-1.2,SEC24B
1907,1.5,SEC24B
1911,-1.2,Sep-02
1915,-1.8,SF3A3
1916,-1.8,SF3A3
1917,–,SIRPA
1919,–,SIRPA
1923,1.1,SLC6A8
1924,1.3,SOCS7
1925,1.1,SOCS7
1928,-4.4,SPRED2
1930,1,SPTBN1; SPTBN1
1933,1.1,SPTBN1; SPTBN1
1935,1.3,SPTBN1; SPTBN1
1937,1.3,SPTBN1; SPTBN1
1938,1.4,SPTBN1; SPTBN1
1939,1.4,SPTBN1; SPTBN1
1940,1.8,SPTBN1; SPTBN1
1943,1.8,SPTBN1; SPTBN1
1945,1.4,SPTBN1; SPTBN1
1946,1,SPTBN1; SPTBN1
1949,–,SPTBN1; SPTBN1
1950,-2.2,STAT3
1957,-2.3,STAT3; STAT3
1963,-2.8,STAT5A; STAT5B
1964,–,SVIL; SVIL
1966,-1.3,SYNCRIP
1969,1.5,TAGLN2; TAGLN3
1972,-1.2,TAGLN2
1973,1.8,TBCB
1974,1,TCP1
1976,–,TES
1977,–,TES
1979,1.4,TLN1
1982,–,TLN1
1983,–,TLN1
1987,–,TLN1
1989,1.4,TLN1
1990,–,TLN1
1994,-1.2,TLN1
1999,1.4,TLN1
2011,1.1,TLN1
2016,1.1,TLN1
2019,1.6,TLN1
2024,1.2,TLN2
2025,1.2,TLN2
2028,1.2,TLN2
2029,1.8,TLN2
2031,-1.2,TLN2
2032,1.3,TLN2
2033,1.3,TLN2
2035,1.4,TLN2
2036,1.4,TLN2
2039,1.3,TLN2
2040,1.8,TLN2
2042,1.2,TOP2B; TOP2B
2043,-1.2,TPM3; TPM3; TPM3; TPM4; TPM4
2044,-1.1,TSPAN3
2045,-1.1,TSPAN3
2046,-1.1,TSPAN3
2047,-1.1,TSPAN3
2049,1.2,TUBA1A; TUBA1B; TUBA1C; TUBA3C; TUBA3D; TUBA4A; TUBA8
2052,1.4,TUBA1A; TUBA1B; TUBA1C
2054,-1.1,TUBA1A; TUBA1B; TUBA1C; TUBA3C; TUBA3D; TUBA4A
2056,–,TUBA1A; TUBA1B; TUBA1C; TUBA3C; TUBA3D; TUBA3E; TUBA4A; TUBA8
2063,–,TUBA1A; TUBA1B; TUBA3C; TUBA3D; TUBA3E; TUBA4A
2064,-1.4,TUBA1A; TUBA1B; TUBA1C; TUBA4A; TUBAL3
2065,1.2,TUBA1A; TUBA1B; TUBA1C; TUBA3C; TUBA3D; TUBA3E; TUBA4A; TUBA8
2067,1.3,TUBA1A; TUBA1B; TUBA1C; TUBA3C; TUBA3D; TUBA4A; TUBA8; TUBAL3
2070,–,TUBB; TUBB2B; TUBB2C; TUBB4; TUBB6
2074,1.3,TUBB; TUBB2A; TUBB2B; TUBB2C; TUBB3; TUBB4; TUBB6
2075,1.8,TUBGCP2
2077,–,TWF1; TWF1
2078,1.3,TWF2
2080,-1.2,UBN1
2081,-1,UNC5A
2082,1,USO1
2084,1.1,VASH1
2085,1.1,VASP
2087,1.3,VAV2; VAV2
2089,–,VCL; VCL
2090,–,VCL; VCL
2092,–,VCL; VCL
2094,-1,VCL; VCL
2105,1,VCL; VCL
2106,1.4,VCL; VCL
2110,1.1,VIM
2117,-1.2,VIM
2120,-1.1,VIM
2121,1.1,VIM
2122,-1.2,VIM
2123,1.5,VIM
2124,1.1,VIM
2128,1.8,WDR44
2129,1.3,WDR44
2130,-1.7,ZYX
Apoptosis,,
2131,-1.3,ANXA5
2135,-1.9,BAG3
2136,–,CIAPIN1
2137,–,GPI; GPI
2138,–,HSP90B1
2143,-1.2,LDH-A; LDH-A iso3
2144,-1,LDH-A; LDH-A iso3
2149,1.2,LDH-A; LDH-A iso3
2155,1.9,LDH-A; LDH-A iso3
2157,1.9,LDH-A; LDH-A iso3
2161,2,MIF
2164,2,MIF
2165,1.1,NDRG2
2166,1.1,NDRG2
2168,1.1,STAG1
2169,–,UACA
Autophagy,,
2173,-1.2,C12orf44
2196,–,RABGAP1
2197,–,RABGAP1
C2H2-type zinc finger protein,,
2198,-2.2,FBXO41
2199,-2.2,FBXO41
Calcium-binding protein,,
2200,–,ANXA1
2201,–,ANXA1
2204,-1.6,CALM1; CALM2; CALM3
2209,1.2,CPNE3
2210,-1.3,NCS1
2211,–,S100A10
Cell cycle regulation,,
2214,-1.3,ASPM
2215,-1.3,BUB3
2216,1.4,C11orf82
2217,1.3,CENPC1
2218,1.3,CEP170; CEP170
2219,-1.5,CEP192
2220,-1.2,CHMP1A
2221,1.3,COPS6
2223,1.1,CUL3
2224,–,CUL3
2225,-2.1,DDX3X
2226,-1.4,DDX3X
2228,1.2,DDX3X; DDX3Y
2231,1.2,DDX3X; DDX3Y
2232,1.3,DDX3X; DDX3Y
2234,1.3,DDX3X; DDX3Y
2235,-1.4,DDX3X; DDX3Y
2241,-1.7,HAUS6
2243,-2.1,INCENP
2247,-1.7,INCENP
2249,-1.7,INCENP
2250,-1.4,KNTC1
2252,1.7,MCM5
2253,-1.3,MCM6
2254,1.4,NAMPT
2255,–,NAMPT
2256,2.1,NDC80
2258,1.7,NDC80
2263,1,OBFC2B
2264,1.2,ORC3; ORC3
2265,1.2,ORC3; ORC3
2266,1.2,ORC3; ORC3
2267,-1.1,ORC5
2268,-1.2,PAFAH1B1
2270,-1.2,PAFAH1B1
2271,1.2,PAFAH1B1
2273,1.2,PCM1
2276,1.2,PCM1
2279,-1.2,PCM1; PCM1
2282,-1.7,PRRC2C; PRRC2C
2284,-1.3,PRRC2C; PRRC2C
2285,1.6,PSMB2
2287,1.2,PSMB2
2288,1,PSMB4
2289,–,PSMD2
2290,-1.4,RBBP6; RBBP6
2291,–,S100A11
2293,-1.5,Sep-05
2294,1,Sep-07
2296,-1.7,Sep-07
2299,1.7,SEPT9; SEPT9
2304,1.3,SEPT9; SEPT9
2305,2.2,SMC2
2309,1.1,SMC3
2311,1.7,STAG3
2312,2.1,TPX2
2313,1.2,VCPIP1
Cell development/differentiation,,
2314,–,COBLL1
2316,1.1,KIAA1217; KIAA1217
2318,–,KIAA1486
Chaperone,,
2324,–,CCT2
2326,1.2,CCT4
2327,-1.1,CCT4
2328,-1.1,CCT4
2331,1.7,CCT6A
2333,-1.7,DNAJB1; DNAJB4
2334,–,DNAJC13
2337,2.4,DNAJC13
2339,1.5,DNAJC7
2344,-1.1,ERP29
2348,-1.2,FKBP4
2350,-1.2,FKBP4
2352,-1.7,FKBP4
2358,1.4,FKBP5
2359,1.4,HSP90AA1; HSP90AA1; HSP90AB1
2362,-1,HSP90AA1; HSP90AA1; HSP90AA2; HSP90AB1
2365,1.5,HSP90AA1; HSP90AA1; HSP90AA5P
2366,1.5,HSP90AA1; HSP90AA1; HSP90AA5P
2369,1.4,HSP90AA1; HSP90AA1
2374,1,HSP90AA1; HSP90AA1; HSP90AA2; HSP90AB1
2378,1.3,HSP90AA1; HSP90AA1
2382,1.1,HSP90AA1; HSP90AA1; HSP90AB1
2384,1.5,HSP90AB1
2386,1,HSP90AB1
2387,1.3,HSP90AB1
2388,-1.1,HSP90AB1
2392,-1.1,HSP90AB1
2395,–,HSP90AB1
2400,1.3,HSPA2; HSPA8; MGC4859
2401,1.6,HSPA4
2405,1.3,HSPA4
2407,–,HSPA4
2409,1.4,HSPA8
2410,1.4,HSPA8
2411,1.1,HSPA9
2412,1.1,HSPA9
2413,1.4,HSPD1
2414,-1.2,HSPD1
2415,1.2,HSPD1
2422,-1.1,PTGES3
2427,-1.1,PTGES3
2428,1,SGTA
2429,-1.4,STIP1
2430,1,TRAP1
"Chromatin, DNA-binding, DNA repair or DNA replication protein",,
2431,1.1,ANKRD26
2435,1.5,BANF1
2437,–,C12orf48
2438,–,CEP128
2440,1,CEP89
2442,2.2,CKAP2L
2445,1.3,CRIP1
2447,-1,DDB1
2448,1.1,DDB1
2449,1.1,DDB1
2450,2.2,DDB1
2451,1.2,GPATCH8; ZNF804A; ZNF804B
2452,-1.1,H2BFS; HIST1H2BC; HIST1H2BD; HIST1H2BH; HIST1H2BK; HIST1H2BL; HIST1H2BM; HIST1H2BN; HIST2H2BF
2454,-1.1,H2BFS; HIST1H2BC; HIST1H2BD; HIST1H2BH; HIST1H2BK; HIST1H2BL; HIST1H2BM; HIST1H2BN; HIST2H2BF
2455,-1.1,H2BFS; HIST1H2BC; HIST1H2BD; HIST1H2BH; HIST1H2BK; HIST1H2BL; HIST1H2BM; HIST1H2BN; HIST2H2BF
2457,-1.1,H2BFS; HIST1H2BC; HIST1H2BD; HIST1H2BH; HIST1H2BK; HIST1H2BL; HIST1H2BM; HIST1H2BN; HIST2H2BF
2460,-1.1,H2BFS; HIST1H2BC; HIST1H2BD; HIST1H2BH; HIST1H2BK; HIST1H2BL; HIST1H2BM; HIST1H2BN; HIST2H2BF
2462,1.1,HIST1H2BB; HIST1H2BJ; HIST1H2BO; HIST2H2BE; HIST3H2BB
2463,1.2,HIST1H2BB; HIST1H2BJ; HIST1H2BO; HIST2H2BE; HIST3H2BB
2464,1.2,HIST1H2BB; HIST1H2BC; HIST1H2BD; HIST1H2BH; HIST1H2BJ; HIST1H2BK; HIST1H2BL; HIST1H2BM; HIST1H2BN; HIST1H2BO; HIST2H2BE; HIST2H2BF; HIST3H2BB
2465,1.3,HIST1H4A; HIST4H4
2467,1.2,HIST1H4A; HIST4H4
2468,1.2,HIST1H4A; HIST4H4
2469,1.4,HIST1H4A; HIST4H4
2479,-1.4,HP1BP3
2482,1,MCM2
2484,1,MCM3
2485,1.6,MCM3
2486,1.6,MCM3
2487,–,MCM3
2488,–,MCM3
2489,1.2,MCM4
2490,1.7,MSH6
2495,1.4,NUCB1
2502,1.2,PARP2
2503,1.2,PAXIP1
2504,-1.8,PURB
2505,1.1,RAD18
2506,-1.1,RAD18
2508,-1.1,RAD18
2512,1.1,RFC3
2513,1.2,RPA1
2514,1.2,RPA1
2518,1.5,SET; SET
2520,1.4,SMC1A
2521,-1.1,SMC1A
2523,1.8,SSBP2; SSBP3
2524,1.8,SSBP2; SSBP3
2525,1.4,XRCC6
2526,1.4,XRCC6
2527,2,ZBED6
2528,2,ZBED6
2530,1.5,ZC3H7B; ZC3H7B
2540,1.2,ZCCHC3
2541,-1.9,ZMAT4
2542,1.1,ZNF229
2543,1.5,ZSWIM7
2544,1.5,ZSWIM7
Cytoskeletal protein,,
2546,1.1,ACTR10
2547,-1.2,ARVCF
2548,-1.2,ARVCF
2549,1.3,ARVCF
2550,–,CAP1; CAP1
2552,1.2,CAP1; CAP1
2553,-1.8,CAP1; CAP1
2555,-1.8,CAP1; CAP1
2556,-1.7,CCDC88A
2557,1,CCDC88A
2559,1,CCDC88A
2560,-1.2,CCT3
2562,1.2,CRMP1
2566,2.4,CRMP1; CRMP1
2569,1.2,CRMP1; CRMP1
2571,1.2,CRMP1; CRMP1
2575,2.2,CRMP1; CRMP1
2576,1.1,CRMP1
2577,1.3,CRYGB
2578,-1,EML1; EML1
2579,1.2,EML4
2583,-1.7,EPB41; EPB41; EPB41
2586,-1.1,FAM40B
2587,–,FMNL2
2588,–,FRMD4B
2589,–,FRMD4B
2590,1.2,GOLGA2; GOLGA2
2591,2,GYS2
2592,-1,HINT1
2593,-1,HINT1
2596,–,INA
2597,–,KIAA1949
2598,-2.1,KIF26A
2599,-6,KIF26B
2600,-6.3,KIF26B
2602,-5.9,KIF26B
2603,-5.9,KIF26B
2604,-5.9,KIF26B
2605,-1.6,KIF26B
2606,-1.2,KLC1; KLC1; KLC2
2607,–,KLC2
2608,1.2,KLC2
2610,1.2,KLC2
2611,-1,LMNB1
2613,2.3,NES; NES
2615,–,PLEKHH3
2616,-2,SRCIN1; SRCIN1
2620,-1.3,SRCIN1; SRCIN1
2621,–,SSFA2
2622,-1.9,STMN3
2627,-1.9,SYNPO2; SYNPO2
2629,–,SYNPO2
2630,1.1,WDR1
2634,1.4,WDR1
"ENZYME, MISC.",,
2636,–,ACAT2
2638,–,ADSL
2639,-1.3,ADSS
2640,1.4,AHCY
2643,-1.5,AHCY
2644,1.1,CKB
2645,1.1,CKB
2646,2,CKB
2649,2,CKB
2650,-1,GFPT1; GFPT1
2651,–,GLUL
2652,–,GOT1
2653,1.5,GOT1
2654,1.1,LDHB
2657,1.1,LDHB
2669,-1,LDHB
2671,-5.2,NSD1
2672,1.3,SETD1B
2674,–,SMS
Endoplasmic reticulum or golgi,,
2675,1.2,ASS1
2676,1.2,ASS1
2677,1.3,ASS1
2679,1.3,ASS1
2682,1.2,ASS1
2697,1,ASS1
2700,1.9,ASS1
2701,1.9,ASS1
2702,1.3,ASS1
2703,-1.2,ASS1
2706,1.2,ASS1
2707,1.8,CHERP
2709,1.7,DHRS1
2711,1.3,EPM2AIP1
2712,–,OSBPL3; OSBPL3
2715,–,TPD52
2716,-1,VAC14
2719,1.1,WDFY1
"Enzyme, misc.",,
2720,1.2,ACACA; ACACA
2722,–,ACLY; ACLY
2723,1.2,ACLY
2725,1.5,ACLY
2728,1.6,ACLY; ACLY
2744,1.1,ACOT7
2745,1.3,ACOT9
2747,1.3,ACOT9
2748,1.8,ACOX1
2751,1.1,AKR1B1
2752,1.1,AKR1B1
2753,1.5,AKR1B1
2754,1.5,AKR1B1
2757,–,ALDH1A2
2758,–,ALDH1A2
2759,-1.6,AMDHD2
2760,1,ATIC
2763,1.4,ATIC
2769,1.6,ATIC
2770,–,ATP6V1A
2771,–,ATP6V1A
2772,–,BRIX1
2776,1.5,C2orf43
2780,1.6,CARKD; CARKD iso2
2784,1.6,CARKD; CARKD iso2
2785,1.5,CBR1
2786,–,CMBL
2787,1.2,CNP
2789,2.2,CNP
2790,-1,CYB5R2
2792,1.2,DCTD
2793,1.1,DCXR
2794,1.2,DDX18
2795,1.2,DDX18
2796,-1.1,DHX15
2797,-1.1,DHX15
2798,1.3,DHX36
2799,1.3,DHX36
2800,1.4,DPYSL3
2802,1.4,DPYSL4
2803,1.4,DPYSL4
2804,1.5,DPYSL4
2805,–,ECI2
2806,–,ECI2
2808,–,ECI2
2810,-1.1,ELP3
2814,-1.1,ELP3
2815,-1.4,ENO2
2816,-1.5,ESD
2818,-1.3,ESD
2819,1,ESD
2821,1,ESD
2823,1,ESD
2824,1.2,FASN; FASN
2826,–,FASN; FASN
2827,1.1,FASN; FASN
2828,-1.3,FASN; FASN
2829,1.2,FKBP1A; FKBP1C
2831,1.2,FKBP1A; FKBP1C
2832,1.3,FNTB
2833,1.3,FNTB
2834,1.1,G6PD
2837,1.2,G6PD
2839,1.2,G6PD
2840,1.6,GAPDH
2842,1.6,GAPDH
2843,–,GAPDH
2844,-1.3,GBE1
2845,–,GMDS
2846,–,GMDS
2848,1.3,GMPR; GMPR2; GMPR2
2849,2.7,GMPS
2850,2.7,GMPS
2852,–,GNPAT
2853,–,GNPAT
2854,1.6,GNPNAT1
2855,1.5,GNPNAT1
2863,1.8,GNS
2864,1.2,GSTP1
2865,1.3,GSTT1
2866,1.3,GTF3C4
2867,1,GUK1
2868,1,GUK1
2870,1.3,GYS1
2874,–,GYS1
2875,-1.2,HDC
2876,-2.4,HELZ
2878,–,HMOX2
2882,-1.2,HMOX2
2883,-1.2,HMOX2
2885,-1.1,IDH1
2886,–,IDH1
2887,1.3,IDS
2888,1.3,IDS
2889,1.4,IMPDH2
2896,1.1,IMPDH2
2897,1,ISOC1
2898,–,ISYNA1
2903,1.2,ITPA
2918,1.1,ITPA
2921,1.1,KAT2A
2922,1.1,KAT2A
2924,1.1,LIG3
2926,-1.3,MDH1; MDH1
2927,1,MDH1; MDH1
2929,1.1,MDH1; MDH1
2930,1.3,METTL11A
2931,1.5,MOCS2
2932,–,MOV10L1
2933,1.5,MTHFD1
2935,1.4,MTHFS
2937,-1.5,NAA10; NAA11
2939,-1.2,NAA15
2941,-1.8,NANS
2942,–,NANS
2944,1.4,NAPRT1
2947,-1.1,NMNAT2
2951,-1.1,NMNAT2
2952,–,NSUN2
2953,1,NSUN2
2954,2,NT5C2
2956,–,NT5DC1
2957,–,NT5DC1
2958,–,NT5DC1
2959,–,NT5DC1
2960,1.2,NT5DC3
2961,1.6,NUDT1
2964,1.4,NUDT1
2966,1.2,NUDT15
2967,1.2,NUDT15
2971,1.2,NUDT15
2973,1.1,NUDT3
2974,1.2,PCBD2
2976,–,PCYT2
2978,-1.1,PCYT2
2980,-2,PELO
2982,-3.6,PELO
2984,1.3,PGK1
2987,1.4,PGM1
2988,-1,PGM2
2989,-1,PGM2
2990,-1,PNKD
2994,1.4,POR
2996,1.3,POR
2997,-1.3,PPIA
2998,-1.1,PPID
3000,-1.1,PRDX1; PRDX2
3001,1.2,PRIM2
3002,1.4,PSAT1
3004,1.6,PYGB
3006,–,PYGL; PYGL
3007,1.2,RBBP9
3009,1.7,RBBP9
3010,-2.7,RUVBL2
3011,1.7,RUVBL2
3012,1.4,SCCPDH
3017,–,TALDO1
3018,1.3,TDRD9
3019,–,TGM2
3020,–,TGM2
3021,–,TGM2
3023,–,TGM2
3026,1.5,TKT
3029,-1.1,TOP1
3030,1.4,TPI1
3031,1.7,TRMT61A
3036,1.2,UMPS
3038,-1.4,WBSCR22
3039,1.1,WRNIP1; WRNIP1
3040,1,YARS
G protein or regulator,,
3043,–,ARFGEF1; ARFGEF2
3046,–,ARFIP1; ARFIP1
3047,-1.2,ARHGAP12; ARHGAP12
3048,-1.2,ARHGAP12; ARHGAP12
3051,–,ARHGAP12; ARHGAP12
3052,-1.1,ARHGAP12; ARHGAP12
3053,1,ARHGAP12; ARHGAP12
3054,-1.5,ARHGAP23
3055,1,ARHGAP32
3056,-1.4,ARHGAP32
3057,1.2,ARHGAP32
3061,1.1,ARHGAP42
3064,1.1,ARHGAP42
3068,-1.5,ARHGAP42
3071,–,ARL13B
3072,-1.7,ARPP19
3073,–,FGD4
3074,1.2,GNA11; GNAQ
3075,-1.1,GNAI2
3076,-1.5,GNAI3
3077,-1.6,GNAI3
3078,1.2,GNAI3
3079,-1.1,GNAI3
3081,1.2,GNAI3
3084,1.1,GPSM1
3087,1.2,GPSM1
3089,-1.4,GPSM1
3090,-1.3,GPSM1
3091,-1.3,GPSM1
3092,1,GPSM1
3093,1.2,MPRIP; MPRIP; MPRIP
3094,1.2,MPRIP; MPRIP; MPRIP
3095,1.6,PSD
3096,-1.3,RAB10
3097,-1.3,RAB13
3101,–,RAB13; RAB3A; RAB3B; RAB3C; RAB3D; RAB8A; RAB8B
3102,1,RAB1A
3103,-1.1,RAB2A
3105,-1.1,RAB2A
3106,1,RAB2B
3107,–,RAB3IP
3108,–,RAB3IP
3109,-2.1,RAB7A
3110,-1.7,RAB7A
3111,1.5,RAB9A
3114,1.5,RAB9A
3115,2,RACGAP1
3116,2,RACGAP1
3117,1.6,RANBP1
3119,–,RANBP1
3120,–,RANBP10
3121,–,RANBP10
3122,-1.8,RAPGEF4
3124,-1.8,RAPGEF4
3125,1.4,RAPGEF6
3126,–,RASAL2; RASAL2
3128,-1.1,RCC2
3129,1.1,RCC2
3131,1.8,RGS10; RGS10; RGS10
3133,1.8,RIC8A; RIC8B; RIC8B
3134,–,RIN1
3135,-1.9,RIN1
3142,–,RIN1
3143,–,RIN1
3145,-1.2,TBC1D13
3146,-1.2,TBC1D13
3149,1.2,TBC1D15
3151,–,TBC1D17
3152,–,USP6NL
3153,-1.8,USP6NL
3154,-1.8,USP6NL
Inhibitor protein,,
3155,-1.1,PEBP1
3159,-1.1,PEBP1
3160,-1.3,PRPSAP1
3161,-1,SOCS6
3162,–,SPRED1
Kinase (non-protein),,
3166,-1.2,CERK
3168,1.5,PFKL; PFKL
3171,1.4,PFKL; PFKL
3172,1.6,PFKL; PFKL
3173,1.6,PFKL; PFKL
3174,1.1,PFKP
"Ligand, receptor tyrosine kinase",,
3175,-1.1,EFNB1
3176,–,EFNB1
3177,-1.4,EFNB1; EFNB2
3179,-1.4,EFNB1; EFNB2
3181,-1.7,EFNB1; EFNB2
3184,-1.7,EFNB1; EFNB2
3185,-1.9,EFNB2
3186,1.1,EFNB3
Lipid binding protein,,
3189,1.8,OSBP
3190,1.8,OSBP
3192,-1.5,OSBPL11
3193,1.6,OSBPL11
3194,1.7,PITPNA; PITPNB
3195,–,PLEKHA1; PLEKHA1
3197,–,PLEKHA1; PLEKHA1
3204,1.1,PLEKHA6
3208,1.4,SH3PXD2B
Mitochondrial protein,,
3210,2.3,ACADSB
3211,1.2,AGPS
3212,1,AGPS
3214,-1.1,AK2
3218,-1.3,ALDOA
3226,1.2,ALDOA
3229,-1.1,ATP5B
3230,-1.2,C6orf125
3231,-1.2,C6orf125
3233,1.1,CHCHD3
3236,–,CHCHD3
3240,–,CHCHD3
3242,–,CHCHD3
3245,1.1,CHCHD4
3246,1.5,CKMT1A; CKMT1B
3248,1.6,CYB5R3
3253,1.6,CYB5R3
3254,1.2,DLD
3255,-1.1,DRG2
3256,2,FH
3259,-1.5,GOT2
3262,1.4,GOT2
3263,1.6,GSDMC
3264,–,HCCS
3268,–,HCCS
3270,-1.9,HCCS
3271,–,HCCS
3272,1.3,HCCS
3273,1.4,HSPE1
3275,1.4,HSPE1
3277,–,IDH3A
3278,1.4,ISCA1
3280,1.2,LHPP
3283,1.2,LHPP
3285,1.2,MDH2
3290,–,NDUFA4
3291,1.2,NDUFA4
3292,–,NDUFA8
3294,1.6,NDUFAB1
3295,-1.2,NDUFB10
3300,1.2,NDUFB10
3302,1.2,NDUFB10
3303,–,NDUFB10
3305,–,NDUFS6
3312,1,NIPSNAP1
3314,1.2,NIPSNAP1
3315,1.3,NIT2
3317,1.6,NIT2
3318,–,OAT
3319,1.8,PDHA1; PDHA2
3320,1.8,PDHA1; PDHA2
3321,1.8,PDHA1; PDHA2
3322,1.8,PDHA1; PDHA2
3323,1.4,PDHA1; PDHA2
3324,1.4,PDHA1; PDHA2
3327,1.4,PIN4; PIN4
3331,1.3,PPA2; PPA2
3332,1.8,PTS
3333,1.1,PTS
3335,1.1,SHMT2
3336,1.6,SSBP1
3337,1,SSBP1
3338,1,SSBP1
3339,–,SSBP1
3340,1.6,SSBP1
3342,-1.2,SUCLA2
3344,–,SUOX
Phosphatase,,
3347,1.5,ACP1
3348,1.5,ACP1
3349,1.5,ACP1
3351,–,ACP1
3353,1.8,APTX
3354,-1.7,DCTPP1
3355,–,INPPL1
3356,-1,INPPL1
3359,-4.1,INPPL1
3362,–,INPPL1
3363,-5.1,INPPL1
3369,–,INPPL1
3372,-1.2,INPPL1
3374,-5.1,INPPL1
3375,–,INPPL1
3377,-1.2,INPPL1
3378,-1.6,LPPR3
3379,-2.5,LPPR4
3380,1,LPPR4
3382,1.3,MTMR12
3383,2.3,NT5C3L; NT5C3L
3384,1.1,NUDT5
3386,1.1,OCRL; OCRL
3387,1.1,OCRL; OCRL
3389,-1.1,PGAM1; PGAM4
3391,-1.1,PGAM1; PGAM4
3393,1.4,PGAM1
3396,1.1,PGAM1; PGAM2; PGAM4
3403,1.9,PHPT1
3407,1.2,PHPT1
3411,1.2,PHPT1
3414,1.2,PHPT1
3415,-1.2,PPP1CA
3417,-1.3,PPP1CA
3419,-1.3,PPP1CA
3420,-1,PPP1R11
3422,1.3,PPP2CA; PPP2CB
3423,2,PPP2CA; PPP2CB
3424,-1.1,PPP2CA; PPP2CB
3425,-1.1,PPP2CA; PPP2CB
3426,-1.3,PPP5C
3428,1.3,PTEN
3429,-1.2,PTPN1
3431,1.1,PTPN11
3432,1.8,PTPN11
3435,-5.2,PTPN11
3444,-9,PTPN11
3445,–,PTPN11
3459,-5.5,PTPN11
3468,1.2,PTPN11
3475,-1.2,PTPN11
3479,-1.3,PTPN11
3483,1.7,PTPN9
3485,-1,PTPRA; PTPRA
3496,-1,PTPRA; PTPRA
3500,1,PTPRD; PTPRD; PTPRD; PTPRF; PTPRS
3501,-1.4,PTPRE; PTPRE
3508,-1.4,PTPRE; PTPRE
3525,–,PTPRK
3526,–,PTPRK
3528,1,PTPRK; PTPRM
3529,-1.7,PTPRN
3531,1.3,PTPRO
3534,-1.6,PTPRU
3535,–,PTPRU
3536,1.2,SEC16A; SEC16A; SEC16A
3537,–,TENC1
3540,–,TENC1
Protease,,
3543,1,CNDP2
3545,1,CNDP2
3546,1,CNDP2
3547,1.1,DPP3
3548,–,LACTB
3550,1.4,LPA
3551,–,NPEPPS; PSAL
3554,1.4,PSMA2
3558,1.6,PSMA2
3559,1.4,PSMA2
3562,1.3,PSMA2
3566,-1.1,PSMA2
3570,1.4,PSMA2
3571,1.4,PSMA2
3576,1.4,PSMA6
3578,1.4,PSMA6
3579,1.4,PSMA6
3580,–,PSMA6
3581,-1.2,PSMA7; PSMA8; PSMA8
3583,1.1,PSMB5
3584,1.2,PSMB6
3585,–,PSMB8; PSMB8
3586,1.2,PSMB9
3587,-1.2,PSMC1
3593,2.2,PSMD14
3598,1.6,PSMD5
3599,–,RNPEP
3603,1.3,THOP1
3604,–,TPP2
3605,1.3,TPP2
3606,1.2,TPP2
3607,1.4,USP11; USP15; USP15; USP4
3608,1.5,USP14
3609,-1.6,USP20
3610,–,USP32
3611,–,USP32
3612,-1.4,USP32; USP6
3613,1.4,USP33
3614,-1.2,USP37
3615,-1.3,USP5; USP5
3616,1.7,USP7
3617,1.6,USP7
3618,1.4,USP9X; USP9Y
3619,1.4,USP9X; USP9Y
Protein kinase,,
3620,-2,POLR2G
"Protein kinase, Ser/Thr (non-receptor)",,
3621,1,ADRBK1; ADRBK2
3623,2.3,AKT1; AKT2; AKT3
3624,1.1,ATM
3632,-3.6,BCR; Bcr/Abl; Bcr/Abl iso2
3633,1.8,BUB1
3634,1.1,BubR1
3635,1.1,BubR1
3636,–,CAMKK1
3637,-2.4,CASK; CASK iso2; CASK iso3
3638,1.1,CDC42BPB
3639,-1.1,CDC42BPB
3641,-1.1,CDC42BPB
3647,1.2,CDK1; CDK2; CDK3
3657,1.8,CDK1; CDK2; CDK3
3668,1.9,CDK1
3676,1.3,CDK1; CDK2; CDK3
3698,1.8,CDK1; CDK2; CDK3
3702,1.2,CDK1
3704,1.8,CDK11A; CDK11a iso10; CDK11B; CDK11B
3706,1.1,CDK2; CDK3
3708,1.3,CDK2; CDK3
3712,1.3,CDK2; CDK3
3716,1.3,CDK2
3717,–,CDK20; CDK20
3718,1.2,CDK5
3721,-1.6,CDK6
3724,1.3,CDKL5
3726,-1.7,CDKL5
3727,-1.2,CSNK1A1; CSNK1A1; CSNK1A1; CSNK1A1L
3729,-1.2,CSNK1A1; CSNK1A1; CSNK1A1; CSNK1A1L
3731,1,CSNK1G1; CSNK1G2; CSNK1G3; CSNK1G3
3733,1.5,CSNK2A2
3734,-1.3,DAPK3
3735,1.2,GSK3A; GSK3B; GSK3B
3747,1.4,GSK3A; GSK3B; GSK3B
3752,1.2,GSK3A; GSK3B; GSK3B
3783,1.4,GSK3A; GSK3B; GSK3B
3790,1.2,HIPK1; HIPK2
3793,1.1,HIPK1; HIPK2
3797,1.2,HIPK1; HIPK2
3798,1.1,HIPK3
3799,2.2,HIPK3
3801,-1.1,ICK
3803,1.3,ICK
3810,-2.7,JNK1 iso3; MAPK10; MAPK10; MAPK8; MAPK8
3833,-1.5,JNK1 iso3; MAPK10; MAPK10; MAPK8; MAPK8
3858,-1.3,MAP3K3
3859,-1.2,MAP4K2
3860,1.3,MAP4K3
3861,1.3,MAP4K3
3862,-1.1,MAP4K4; MAP4K4; MAP4K4; MAP4K4
3863,-1.3,MAP4K5
3864,-1.3,MAP4K5
3866,–,MAP4K5
3867,-198.3,MAPK1
3873,-29.7,MAPK1
3878,-3.9,MAPK11
3880,-1.5,MAPK11
3885,-1.3,MAPK12
3887,–,MAPK12
3889,-1.2,MAPK12
3891,1.5,MAPK13
3893,-1.1,MAPK14; MAPK14
3895,-1.9,MAPK14; MAPK14
3900,-1.9,MAPK14; MAPK14
3907,-74.7,MAPK3
3910,-30.6,MAPK3
3915,-2.4,MAPK7
3917,-2.4,MAPK7
3923,-4.4,MAPK9; MAPK9; MAPK9
3936,-1.6,MAPK9; MAPK9; MAPK9
3943,-4.8,MAPK9; MAPK9; MAPK9
3945,-1.1,MYLK; MYLK
3946,–,MYLK; MYLK
3952,-1.3,PAK1
3953,-1,PAK2
3954,-1.1,PAK7
3955,-1.4,PAK7
3956,-1.7,PAK7
3957,-1.2,PEAK1
3958,–,PEAK1
3959,-3.7,PEAK1
3961,-1.3,PEAK1
3964,-1.2,PEAK1
3967,-1.7,PEAK1
3976,-1.2,PEAK1
3985,-1.2,PRKAA1
3986,-1.2,PRKAA1
3987,1.1,PRKACA; PRKACA
3988,1.4,PRKACB; PRKACB
3993,1.1,PRKCA; PRKCG
4001,-1.2,PRKCA
4002,-1.2,PRKCA
4003,1,PRKCD
4005,1,PRKCI
4006,1.3,PRKD3
4007,1.3,PRKD3
4008,1.4,PRPF4B
4010,1.4,PRPF4B
4028,1.4,PRPF4B
4059,-1.1,RIPK2
4062,–,SGK223
4064,–,SGK223
4065,–,SGK223
4069,1.8,STK39
4072,1.2,STK39
4074,1.3,STK4
4076,-1.4,STK4
4077,-1.4,STK4
4078,-1,TAF1; TAF1; TAF1
4079,1.6,TAOK1; TAOK2; TAOK2
4081,1,TAOK1
4083,–,TNIK
4084,2.4,TNIK
4085,2.6,TNIK
4087,1.7,TNIK
4089,1.2,TSSK1
4091,1.2,WEE1
4092,1.1,WEE1
"Protein kinase, Tyr (non-receptor)",,
4093,1.2,ABL1; ABL1; ABL2; ABL2; ABL2; Bcr/Abl; Bcr/Abl iso2
4095,-1,ABL1; ABL1; Bcr/Abl; Bcr/Abl iso2
4097,1,ABL1; ABL1; Bcr/Abl; Bcr/Abl iso2
4101,1,ABL1; ABL1; ABL2; ABL2; ABL2; Bcr/Abl; Bcr/Abl iso2
4102,-1.4,ABL1; ABL1; ABL2; ABL2; ABL2; Bcr/Abl; Bcr/Abl iso2
4104,-2,ABL1; ABL1; ABL2; ABL2; ABL2; Bcr/Abl; Bcr/Abl iso2
4111,-4.3,ABL1; ABL1; ABL2; ABL2; ABL2; Bcr/Abl; Bcr/Abl iso2
4115,1.2,ABL2; ABL2; ABL2
4116,-1.5,ABL2; ABL2; ABL2
4118,-1.8,ABL2; ABL2; ABL2
4119,1.2,ABL2
4120,1.5,ABL2
4121,–,ABL2; ABL2
4122,-1.1,ABL2; ABL2
4123,1.2,CSK
4125,1.6,FER
4126,1.6,FER
4127,1.2,FER
4129,1.5,FER
4130,1.3,FER
4131,1,FER; FES
4134,1.2,FGR; FYN; FYN; YES1
4135,2.4,FRK
4136,-1.1,FYN; FYN; YES1
4138,-1.1,FYN; FYN; YES1
4141,1,FYN; FYN; LCK; SRC; YES1
4143,1.2,FYN; FYN; SRC; YES1
4148,1.1,HCK; LYN; LYN
4152,-1.5,JAK1
4153,-1.7,JAK1
4156,–,JAK1
4158,–,JAK1
4160,–,JAK1
4166,-1.2,JAK2
4167,1.5,LYN; LYN
4170,1.1,LYN; LYN
4171,1.5,LYN; LYN
4172,-1.4,LYN; LYN
4173,-1.4,LYN; LYN
4174,-1.2,LYN
4175,2.1,LYN; LYN
4179,2,LYN; LYN
4186,-1.4,LYN
4190,-1.2,LYN; LYN
4206,-1,LYN; LYN
4208,-1.2,PKM2; PKM2; PKM2
4214,1.4,PKM2; PKM2; PKM2
4216,1.8,PKM2; PKM2; PKM2
4219,2,PKM2; PKM2; PKM2
4231,1.4,PKM2
4233,-1.3,PKM2; PKM2; PKM2
4236,–,PTK2; PTK2; PTK2
4237,–,PTK2; PTK2; PTK2
4239,–,PTK2; PTK2; PTK2
4241,–,PTK2; PTK2; PTK2
4242,–,PTK2; PTK2; PTK2
4244,–,PTK2; PTK2; PTK2
4248,–,PTK2; PTK2; PTK2
4252,–,PTK2; PTK2; PTK2
4255,–,PTK2; PTK2; PTK2
4261,–,PTK2; PTK2; PTK2
4265,–,PTK2; PTK2; PTK2
4278,–,PTK2; PTK2; PTK2
4298,–,PTK2; PTK2; PTK2
4302,–,PTK2; PTK2; PTK2
4304,1.1,PTK2; PTK2; PTK2
4315,2.4,PTK2; PTK2; PTK2
4318,–,PTK2; PTK2; PTK2
4319,–,PTK2; PTK2; PTK2
4329,-1.1,PTK2; PTK2; PTK2
4330,–,PTK2; PTK2; PTK2
4332,–,PTK2; PTK2; PTK2
4335,–,PTK2; PTK2; PTK2
4337,–,PTK2; PTK2; PTK2
4340,-1.4,PTK2; PTK2; PTK2
4343,-1.8,PTK2; PTK2; PTK2
4347,–,PTK2; PTK2; PTK2
4353,–,PTK2; PTK2; PTK2
4362,2.1,PTK2; PTK2; PTK2
4367,-1.4,PTK2; PTK2; PTK2
4369,1.1,PTK2; PTK2; PTK2
4386,1.7,PTK2; PTK2; PTK2
4404,1.6,PTK2; PTK2; PTK2
4405,1.1,PTK2; PTK2; PTK2
4413,–,PTK2; PTK2; PTK2
4414,–,PTK2
4415,–,PTK2
4417,–,PTK2
4418,–,PTK2
4422,-1.4,PTK2
4427,1.2,PTK2; PTK2; PTK2
4428,-1.2,PTK2; PTK2; PTK2
4430,1.1,SRC
4437,–,TEC
4440,1.1,TNK2; TNK2
4442,1.1,TNK2; TNK2
4445,1.1,TNK2; TNK2
4446,-3.5,TNK2; TNK2
4448,-1.1,TNK2; TNK2
4450,-9.9,TNK2; TNK2
4451,-1.1,TNK2; TNK2
4453,1.1,TYK2
4454,1.5,TYK2
4455,-1,TYK2
4456,1.1,TYK2
4457,1.4,YES1
4458,-1.3,YES1
"Protein kinase, Tyr (receptor)",,
4467,-3.5,ALK
4481,-64.3,ALK
4483,-64.3,ALK
4484,-11,ALK
4487,-2.8,ALK
4489,-1.4,ALK
4496,-6,ALK
4499,-2.7,ALK
4509,-2.7,ALK
4511,–,ALK; LTK
4513,-5.1,ALK
4516,-10.2,ALK
4517,-5.1,ALK
4521,-9,ALK
4522,-3.9,ALK; LTK
4526,-3.9,ALK; LTK
4527,-2.1,ALK; U2SURP
4528,-1.4,ALK
4529,-2.2,ALK
4532,-2.9,ALK
4533,-2.2,ALK
4534,-2.2,ALK
4536,-2.3,ALK
4544,-2.2,ALK
4545,-2.2,ALK
4548,-2.5,ALK
4550,-2.2,ALK
4551,-2.5,ALK
4563,-2.7,ALK
4566,-3.1,ALK
4576,-3.1,ALK
4582,-3.1,ALK
4585,-2.1,ALK
4589,-2.1,ALK
4596,-2.1,ALK
4604,-3.5,ALK
4608,-2.1,ALK
4609,-2.1,ALK
4618,-2.7,ALK
4620,-2.5,ALK
4625,–,AXL
4627,–,AXL
4628,–,AXL
4629,–,AXL
4631,–,DDR1
4633,–,DDR1
4634,–,DDR2; DDR2
4635,-1.5,DDR2; DDR2
4641,-1.5,DDR2
4642,–,EGFR
4644,2.3,EGFR
4646,-1.4,EGFR
4647,-2.2,EGFR; ERBB2; ERBB2; ERBB4; ERBB4; ERBB4; ERBB4
4649,-1.2,EGFR
4653,-1.2,EPHA2
4654,–,EPHA2
4656,–,EPHA2
4660,–,EPHA2
4661,–,EPHA2
4663,–,EPHA2
4666,–,EPHA2
4667,–,EPHA2
4671,–,EPHA2
4672,–,EPHA2
4675,–,EPHA2
4678,1,EPHA2
4679,1,EPHA2
4681,–,EPHA2
4682,–,EPHA2
4684,–,EPHA2
4685,–,EPHA2
4686,–,EPHA2
4690,–,EPHA2
4691,1.6,EPHA2
4693,1,EPHA3; EPHA4; EPHA5
4695,-1.3,EPHA5
4698,1.6,EPHA5
4699,-1.3,EPHA5
4702,1.6,EPHA5
4703,1.6,EPHA5
4705,-1.3,EPHA5
4706,-1.3,EPHA5
4707,1.2,EPHA5
4710,1.2,EPHA5
4711,-1.3,EPHA7
4712,1.3,EPHA7
4713,1.3,EPHA7
4714,1.3,EPHA7
4718,-1.3,EPHB2; EPHB2
4720,–,EPHB2; EPHB2
4721,1.1,EPHB2; EPHB2
4722,1.1,EPHB2; EPHB2
4723,1.1,EPHB2; EPHB2
4724,1.2,EPHB2; EPHB2
4725,1.2,EPHB2; EPHB2
4726,1.2,EPHB2; EPHB2
4727,-1.2,EPHB3
4728,-1.2,EPHB3
4729,-1.2,EPHB3
4730,-1.1,ERBB4; ERBB4; ERBB4; ERBB4
4732,-1.3,ERBB4; ERBB4; ERBB4; ERBB4
4734,–,ERBB4; ERBB4; ERBB4; ERBB4
4736,–,ERBB4; ERBB4; ERBB4; ERBB4
4739,-1.6,FGFR1; FGFR1
4740,-1.6,FGFR1; FGFR1
4744,-1.1,FGFR1; FGFR1
4746,-1.3,FGFR1; FGFR1
4748,-1.1,FGFR1; FGFR1
4749,–,FGFR4; FGFR4
4750,1.1,FGFR4; FGFR4
4752,-1.3,IGF1R; INSR; INSR
4754,1,IGF1R; INSR; INSR
4757,-1.9,IGF1R; INSR; INSR
4759,-1.2,IGF1R; INSR; INSR
4762,-1.5,IGF1R; INSR; INSR
4763,1.2,IGF1R
4765,1.3,INSR; INSR
4767,-1.7,MERTK; TYRO3
4768,–,MERTK; TYRO3
4769,–,MERTK
4770,–,PDGFRA
4772,–,PDGFRA
4773,–,PDGFRA
4775,–,PDGFRA
4776,–,PDGFRA
4777,–,PDGFRA
4778,–,PDGFRA
4779,1.3,RET; RET; RET
4790,1,RET; RET
4793,1.1,RET
4798,1.3,RET
4809,1.1,RET
4813,1.1,RET; RET
4816,1.3,RET; RET
4817,1.1,RET; RET
4819,1.3,RET; RET
4820,-1.5,RET; RET; RET
4821,-1.1,RET; RET; RET
4827,-2.6,RET; RET; RET
4828,-1.3,RET; RET
4831,1,RET; RET
4834,-1.2,RET; RET
4841,–,RET; RET
4844,-1.3,RET; RET
"Protein kinase, atypical",,
4851,-1.4,RIOK2
4852,-1,TRIM28
4853,-1,TRIM28
4854,1,TRIM28
4856,1.9,TRIM28
4858,1.9,TRIM28
4861,2,TRIM28
"Protein kinase, dual-specificity",,
4864,-1.2,DYRK1A; DYRK1A; DYRK1A
4866,1.5,DYRK1A; DYRK1A; DYRK1A; DYRK1B; DYRK1B
4867,1.4,DYRK1A; DYRK1A; DYRK1A; DYRK1B; DYRK1B
4876,1.4,DYRK1A; DYRK1A; DYRK1A; DYRK1B; DYRK1B
4877,1.2,DYRK2; DYRK4
4878,1,DYRK3
4879,-1,MAP2K3; MAP2K6; MAP2K6
"Protein kinase, regulatory subunit",,
4881,-1.6,CKS1B
4882,-1,CKS2
4883,1.7,KIDINS220
4884,1.7,KIDINS220
4886,-1.4,KIDINS220
RNA processing,,
4888,2,AGFG1
4900,-1.1,AGFG1
4905,-1,CELF4
4909,-1.1,CIRBP
4911,-1.6,CSTF1
4912,-1.8,DCP1B
4914,1.6,DCP1B
4915,1.3,DCP1B
4917,-1.3,DCP1B
4919,-1.1,DCP2
4920,1.6,DDX1
4921,1.6,DDX1
4922,1.2,DDX39A; DDX39B
4923,1.2,DDX6
4924,1,DDX6
4925,1,DDX6
4927,–,DHX38
4929,-1.2,DHX57
4930,-1.1,DICER1
4931,-1,DNAJC8
4933,1.5,EIF4A1
4934,2.1,EIF4A1; EIF4A2; EIF4A2
4935,1.2,EIF4A1; EIF4A2; EIF4A3
4936,1.2,EIF4A1; EIF4A2; EIF4A3
4937,-1,EIF4A1; EIF4A2
4938,–,EIF4A3
4941,1.1,EIF4A3
4943,1.3,EIF4A3
4944,-1.2,ELAC2
4945,1.5,ELAVL2; ELAVL4
4946,-1.2,ELAVL4
4950,-1.3,EMG1
4952,1.3,EMG1
4956,1.3,EXOSC1
4958,-1.1,FXR1; FXR1; FXR1; FXR1
4964,1.3,HDLBP
4981,1.2,HNRNPA0
4983,-1.5,HNRNPA0
4986,-1.1,HNRNPA1
4988,-1.2,HNRNPA1
4989,-1.1,HNRNPA1
4991,-1.1,HNRNPA1
4995,1,HNRNPA1
4997,1,HNRNPA1
5000,-1.1,HNRNPA2B1
5002,1.3,HNRNPA2B1
5003,1.3,HNRNPA2B1
5005,1.2,HNRNPA2B1
5007,1.2,HNRNPA2B1
5010,1.2,HNRNPA2B1
5015,1.1,HNRNPA3
5017,-1.3,HNRNPA3
5018,-1,HNRNPA3
5019,-1.3,HNRNPA3
5021,-1.3,HNRNPA3
5022,-1.3,HNRNPA3
5023,-1.2,HNRNPAB; HNRNPAB; HNRNPAB
5025,-1.3,HNRNPAB; HNRNPAB; HNRNPAB
5026,-1.4,HNRNPC; HNRNPC; HNRNPC
5028,-1.4,HNRNPC; HNRNPC; HNRNPC
5029,1.1,HNRNPD; HNRNPD
5030,1.1,HNRNPF
5031,1.6,HNRNPF; HNRNPH1
5033,1,HNRNPH3; HNRNPH3
5037,1.4,HNRNPK; HNRNPK
5038,-1.1,HNRNPK; HNRNPK
5039,1.3,HNRNPK; HNRNPK
5040,1.1,HNRNPK; HNRNPK
5042,1.7,HNRNPK
5045,1.4,HNRNPL
5048,-3.2,HNRNPR
5049,-1.2,HNRNPR
5050,1.1,HNRNPUL1
5053,1.6,LSM2
5054,1.8,LSM2
5055,2.5,LSM6
5057,–,MAK16
5058,-1.2,MATR3; MATR3
5059,1.3,MATR3; MATR3
5061,-1.2,MATR3; MATR3
5062,-1.1,MATR3; MATR3
5063,1.7,MATR3; MATR3
5064,1.3,MATR3; MATR3; RBM20
5065,1.2,NHP2L1
5066,1.6,NIP7
5067,1.6,NIP7
5068,-1,NOP5
5070,1.1,NPM1; NPM1; NPM1; NPM-ALK
5072,1.2,NUDT21
5075,-1.1,NXF1
5076,1.4,PABPC4; PABPC4
5077,1.1,PABPC4; PABPC4
5080,1.1,PCBP2; PCBP2
5082,-1,PCBP2; PCBP2; PCBP2
5084,1.1,PRPF31
5086,1.1,PRPF31
5087,2.8,PRPF38A
5088,1.1,PRPF8
5089,-1.5,PRPF8
5092,-1.3,PRRC2A; PRRC2A
5093,-1.3,PTBP1
5094,-1.5,RALY; RALY; RALY
5095,1.5,RARS
5098,1.7,RARS
5102,–,RBM12B
5104,-1.2,RBM25
5105,-1,RBM3
5106,-1,RBM3
5107,–,RBM3
5109,-1,RBM3
5110,-1,RBM3
5111,1.4,RBM3
5112,-1.7,RBM4; RBM4B
5116,-3.2,RBM4; RBM4B
5117,–,RBM6
5118,-1,RBM8A; RBM8A
5119,-1,RBM8A; RBM8A
5120,-1.8,RBMX; RBMXL1
5122,1.2,RBMX; RBMXL1
5123,-1.8,RBMX; RBMXL1
5125,-1.2,RBMX; RBMXL1
5129,1.1,RBMX; RBMXL1
5132,1.1,RBMX
5134,1.1,RBMX
5135,-1.3,RBMX; RBMXL1
5136,-1.3,RBMX; RBMXL1
5137,1.1,RNASEH2A
5138,1.4,RNPS1
5146,1.3,RNPS1
5150,-1.1,RPP14
5152,-1.5,SEPSECS
5153,-2,SERBP1; SERBP1
5155,-2,SERBP1; SERBP1
5156,-2,SERBP1; SERBP1
5157,-1.2,SF3B14
5159,1.1,SLU7
5160,–,SNRNP200; SNRNP200
5161,1.1,SNRNP40
5162,1.2,SNRNP70
5165,1.3,SNRNP70
5167,1.5,SNRPB; SNRPB; SNRPB; SNRPN
5168,–,SNRPC
5169,1.3,SRP14
5174,1.3,SRP14
5175,–,SRP68
5176,1.3,SRSF1
5179,1.2,SRSF1
5182,1.7,SRSF1
5185,-1.3,SRSF2
5187,-1.9,SRSF2
5188,1.3,SRSF6
5189,-1.3,SRSF7; SRSF7
5190,1.1,SRSF7; SRSF7
5191,1,SRSF8
5192,1.9,SRSF9
5193,1.1,SRSF9
5195,1.1,SRSF9
5197,1.1,SRSF9
5199,-1.1,SRSF9
5200,1.1,SRSF9
5202,1.2,SRSF9
5203,–,TIA1
5207,-1.4,TIAL1
5208,1.7,TRA2A
5209,1.8,TRA2B
5211,1.8,TRA2B
5212,-1.4,TRA2B
5213,-1.1,TRA2B
5214,1,TRA2B
5216,1.5,U2SURP
5218,-1.3,UTP15
5219,1.2,UTP15
5221,-2.1,YTHDC1; YTHDC1
5222,-1.4,ZC3HAV1; ZC3HAV1
5223,1.7,ZC3HAV1; ZC3HAV1
5224,1.9,ZC3HAV1; ZC3HAV1
"Receptor, channel, transporter or cell surface protein",,
5225,–,ABCB1
5226,-1.1,ABCC1
5227,-1.6,ABCC8; ABCC8
5228,1,ACSL3
5229,1,ACSL3
5230,1,ACSL3
5231,1,ACSL3
5232,1,ACVR1B
5233,1.3,AFG3L2
5235,–,AGPAT1
5236,–,AGTRAP
5237,–,AGTRAP
5238,–,AGTRAP
5240,-1.2,ANTXR1; ANTXR2; ANTXR2
5241,-1.8,ANTXR1; ANTXR2; ANTXR2
5244,–,ANTXR1
5245,1,APH1A
5246,1,APH1A
5247,-2.1,APLP2
5253,–,APLP2
5256,-2.1,APLP2
5263,-1.3,APP; APP; APP
5268,-3.8,APP; APP; APP
5271,-1.4,APP; APP; APP
5276,-2.4,APP; APP; APP
5281,1.1,ATP11C
5283,1.2,ATP13A1
5284,1.2,ATP13A1
5286,1.2,ATP13A1
5287,-1.3,ATP13A1
5288,1.3,ATP13A1
5289,-1.3,ATP1A1; ATP1A1
5291,1.2,ATP1A1; ATP1A1
5294,–,ATP1A1; ATP1A1
5296,1,ATP1A1; ATP1A1
5300,1.2,ATP1A3
5302,1,ATP1A3
5303,1.2,ATP1A3
5305,-1.8,ATP1A3
5308,1.3,ATP1A3
5309,1.3,ATP2A2
5310,–,ATP2B1; ATP2B1
5311,1.1,ATP5A1
5313,1.3,ATP5A1
5314,-1.2,ATP5O
5315,1.4,ATP6V0D1
5320,1.6,ATP6V1E1; ATP6V1E2
5322,1.3,ATP6V1E1; ATP6V1E2
5323,1.1,ATP6V1H
5326,-1.1,ATP7A
5327,-1.1,ATP7A
5328,-1.8,ATP8A1; ATP8A1
5330,-1.7,BAI2; BAI3
5331,-1.1,BAI3
5332,1.3,BAI3
5333,-2.7,BAMBI
5335,-1.6,BAMBI
5338,-2,BAMBI
5353,1.7,BCS1L
5359,1,BMPR2
5360,1,BMPR2
5362,1,BMPR2
5364,1,BMPR2
5365,-1.9,BMPR2
5368,-1.8,BMPR2
5369,-1.8,BMPR2
5371,-1.9,BRI3
5373,-1.1,BROX
5374,-1.5,C10orf26
5375,-2.5,C11orf41
5376,-1.8,C11orf41
5377,-8.1,C19orf26; C19orf26
5378,-1.4,C19orf26; C19orf26
5379,–,C1orf43
5381,-1.1,C3orf78
5382,-3.2,C5orf15
5384,–,C6orf129
5390,-1.1,CADM1
5393,-1.2,CADM2
5395,1,CADM3
5397,1.3,CAPRIN1
5398,-1.7,CCKBR
5402,-1.8,CD46
5404,–,CD46
5407,-1,CD46
5408,-1,CD46
5412,-1.8,CD46
5414,-2,CD46; CD46; CD46
5416,–,CD97
5419,1.1,CD99L2
5421,1.1,CD99L2
5423,1.1,CD99L2
5424,1.7,CDH18
5426,-1.8,CELSR2
5427,-1.6,CELSR2
5428,-1.7,CELSR3
5429,-1.7,CELSR3
5430,-1.4,CELSR3
5431,-1.2,CISD1
5433,-1,CLCN6; CLCN6
5434,1.7,CLDN12
5435,1.2,CLDN5
5436,–,CLMP
5438,-1.5,CMTM4
5439,1.1,CNNM3
5440,-1.1,CNNM4
5443,1.1,COX16
5446,–,COX6C
5448,-1.2,CPD
5449,-1.2,CPD
5451,-1.2,CPD
5452,-1.2,CPD
5453,-1.7,CPD
5455,-1.7,CPD
5456,-1.7,CPD
5457,-1.7,CPD
5458,1.1,CPNE1; CPNE1
5459,-2.2,CPT1C
5460,–,CRIM1
5461,–,CRIM1
5462,1.6,CSE1L
5463,-2.2,CXADR; CXADR
5465,-2.2,CXADR; CXADR
5468,-2.2,CXADR; CXADR
5470,-1.4,CXADR; CXADR
5475,-1.3,CXADR; CXADR
5476,1.1,CYB5R1
5477,-1,CYGB
5478,–,CYP3A4
5479,-1.2,CYP51A1
5480,–,CYP51A1
5482,-3.2,D4S234E
5484,–,DCBLD2
5485,–,DCBLD2
5488,1.4,DCBLD2
5489,1.3,DCBLD2
5491,-1,DCBLD2
5495,-1,DCC
5496,1,DLL3
5497,1,DLL3
5498,-2.1,DNAJC1
5501,–,DOPEY2
5502,–,DPM1
5503,–,DPM1
5504,-2.6,DSG2
5505,–,EDNRB
5506,-1.8,ELOVL5
5507,-1.8,ELOVL5
5508,1.4,EMD
5509,1.4,EMD
5510,-1.5,EMD
5511,-1.5,EMD
5512,-1.5,EMD
5513,1.2,EMD
5514,–,EMR2; EMR3
5515,1.5,EPHX1
5516,1.5,EPHX1
5518,2.2,EPHX1
5521,1.3,EPT1
5527,-1,ESYT1; ESYT1
5533,-1,ESYT1; ESYT1
5535,-1.9,ESYT1; ESYT1
5538,1.2,ESYT1; ESYT1
5539,-1.1,ESYT1; ESYT1
5546,–,ESYT1; ESYT1
5547,1.1,ESYT1; ESYT1
5560,-1.1,ESYT1; ESYT1
5562,1.4,ESYT2; ESYT2
5568,-1.6,F2R
5572,1.6,FAM160A2; FAM160A2
5574,-1.2,FAM171A1
5575,1.1,FAM171A1
5576,-1.2,FAM171A1
5577,1.2,FAM171A2
5578,1,FAM171B
5579,-1.2,FAM171B
5580,-1.2,FAM171B
5585,-1.3,FAM20B
5588,-1.3,FAM20B
5589,–,FAM36A
5591,1.7,FDFT1
5592,-1.6,FKBP15
5593,1.1,FLVCR1
5594,-2.2,FZD3
5595,-1.3,GABRA3
5598,-1.7,GABRB3; GABRB3
5599,-1.3,GET4
5600,1.1,GJC1
5603,-1.2,GJC1
5604,1.1,GJC1
5607,1.1,GJC1
5609,1.1,GJC1
5610,-3.1,GJD2
5614,–,GJD2
5615,–,GJD2
5616,-3.1,GJD2
5620,–,GJD2
5622,-1.1,GNAS; GNAS; GNAS; GNAS; GNAS
5623,-2.2,GNAS; GNAS; GNAS; GNAS; GNAS
5624,1.6,GOLGA5
5625,-1.2,GPM6B
5627,-1.3,GPM6B
5628,-1.7,GPM6B
5629,-1.2,GPR125
5630,-1.8,GPR125
5631,-1.8,GPR125
5632,–,GPR126
5633,–,GPR126
5634,–,GPR126
5635,–,GPR155
5636,-2,GPR158
5637,-2,GPR158
5639,-1.6,GPR19
5640,-1.5,GPR19
5644,1.6,GPR34
5645,-1.4,GPRC5A
5647,-1.4,GPRC5A
5649,-1.4,GPRC5A
5650,-1.7,GPRC5A
5651,–,GPRC5B
5653,-1.7,GPRC5C; GPRC5C
5655,-1.3,GPRC5C; GPRC5C
5656,-1.3,GPRC5C; GPRC5C
5657,-1,GPRC5C; GPRC5C
5658,-1.3,GYPC
5660,–,HCST
5662,–,HEG1
5663,-1.1,HEG1
5664,–,HEG1
5665,–,HEPACAM2
5669,–,HEPACAM2
5671,–,HEPACAM2
5677,–,HEPACAM2
5680,–,HEPACAM2
5684,–,HEPACAM2
5688,–,HLA-A; HLA-A; HLA-A
5690,–,HLA-A; HLA-A; HLA-A
5692,–,HLA-A; HLA-A; HLA-A
5695,-1.8,HMP19
5698,1.1,HNRNPM; HNRNPM
5700,1.2,HNRNPM; HNRNPM
5701,-1.4,HRH1
5702,1.6,HSD17B4
5703,-3.1,HVCN1
5704,–,ICAM2
5705,-1.1,IFNGR1
5708,-1.1,IFNGR1
5709,-1.2,IFNGR1
5710,-1.2,IFNGR1
5711,-1.2,IFNGR1
5712,–,IFNGR1
5713,1.1,IGSF11; IGSF11
5714,1.1,IGSF3
5715,–,IL4R
5716,–,IL6ST
5717,-1.1,IL6ST
5718,1.1,IMMT; IMMT
5720,1.1,IMMT; IMMT
5722,–,IMMT; IMMT
5725,-1.2,ISLR2
5726,1.1,ISLR2
5729,1,ISLR2
5731,1.1,ISLR2
5732,1,ISLR2
5740,1.1,ISLR2
5748,1.3,ISLR2
5751,1.1,ISLR2
5754,1,ISLR2
5759,1.1,ISLR2
5761,1.2,ISLR2
5773,1.1,ISLR2
5775,1.2,ISLR2
5785,-1.1,JAM3
5786,-1.1,JAM3
5787,1.1,JAM3
5790,-1.1,JAM3
5791,–,KCNJ2
5794,1.8,KCNJ2
5796,1.3,KCNK10
5797,-2.3,KCNT2
5798,–,KIAA0317
5801,-1.1,KIAA1549
5802,-2.3,KIAA1549
5803,-2.3,KIAA1549
5804,-2.1,KIAA1549
5805,-2.1,KIAA1549
5807,-1.5,KIAA1549
5808,1.3,KIAA1797
5809,–,KIRREL
5814,–,KIRREL
5817,–,KIRREL
5822,–,KIRREL
5824,-1.3,KIRREL
5825,–,KIRREL
5828,–,KIRREL
5830,-1.1,KIRREL
5831,-1.1,KIRREL
5832,-1.1,KIRREL
5833,1.3,KIRREL
5834,-1.1,KIRREL
5835,1.3,KIRREL
5836,–,KIRREL
5837,–,KIRREL
5839,-2,KIRREL
5840,–,KIRREL
5842,–,KIRREL
5843,–,KIRREL
5846,–,KIRREL
5848,–,KIRREL
5849,–,KIRREL
5850,–,KIRREL
5852,1.4,KLHL20
5853,–,KPNA6
5855,1.5,KPNA6
5856,1.9,KPNB1
5857,1.9,KPNB1
5858,2.1,L1CAM
5859,1,LANCL1
5860,-1.9,LAPTM4A
5863,-1.4,LAPTM4A
5864,–,LAPTM4A
5865,1.3,LAPTM4A
5867,1.3,LAPTM4A
5868,1.7,LAPTM4A
5869,–,LBR
5870,–,LBR
5871,-1.4,LDLR
5872,-1.4,LDLR
5875,-1.5,LDLR
5876,-1.5,LDLR
5878,-1.4,LDLR
5881,-1.4,LDLR
5882,-1.4,LDLR
5884,-1.1,LEMD2
5885,-1.5,LGR4
5886,–,LGR5
5887,–,LGR5
5888,-1,LPHN1
5891,-1.5,LPHN2; LPHN2
5892,–,LPHN2; LPHN2
5893,–,LPHN2; LPHN2
5898,1.4,LPHN2; LPHN2
5899,–,LPHN2; LPHN2
5900,-1.1,LPHN2; LPHN2
5901,-2.7,LRIG2
5902,-2.4,LRIG3
5903,-2.4,LRIG3
5904,–,LRP1B
5905,-2.2,LRP5
5906,-1.5,LRP6
5907,-1.5,LRP6
5908,-1.7,LRRC59
5912,-1.2,MAEA; MAEA
5914,-1.2,MAEA; MAEA
5915,-1.1,MAGI3
5916,-1.1,MAGI3; MAGI3
5924,-1,MAGOH; MAGOHB
5928,-1.4,Mar-11
5929,1.2,Mar-11
5930,–,Mar-03
5932,-1.2,Mar-06
5936,-2.3,MGST3
5954,1.2,MGST3
5967,-1.1,MMGT1
5968,-1.1,MMGT1
5969,-1.6,MRAP2
5970,1.6,MT-ND1
5971,-1.1,MUM1
5973,–,MXRA8
5974,-1.1,NDUFB5
5977,-1.7,NDUFB6
5978,-1.7,NDUFC2
5985,-1.8,NDUFC2
5986,-1.9,NEO1
5987,-1.6,NETO2
5988,–,NFXL1
5989,-1,NKAIN1
5990,-2,NPDC1
5991,–,NPDC1
5993,-1.6,NPDC1
5996,-1.2,NPDC1
5998,-1.6,NPDC1
6001,1.2,NPTN
6002,-1.7,NPY2R
6004,1,NRP1
6005,-1.2,NRP1
6006,1,NRP1
6009,–,NRSN1
6010,-1.9,NRSN2
6012,-1.2,NRXN1; NRXN1; NRXN2; NRXN2; NRXN2
6013,-1.5,NRXN1; NRXN1; NRXN2; NRXN2; NRXN2
6014,-1.4,NUP133
6015,1.6,NUP210
6016,-1.2,NUP35
6017,1.9,NUP93
6018,1.9,NUP93
6019,-1.7,ODZ3
6021,-1.7,ODZ3
6022,–,ODZ3
6025,1.2,OR2B2
6026,-1.6,OR2T27; OR2T7
6030,-1.2,ORAI2
6033,-1.2,ORAI2
6035,1.3,OSMR
6036,–,OSMR
6037,1.3,OSMR
6038,–,OSMR
6039,–,OSMR
6041,-1.1,PALM2
6043,-1.7,PALM2
6044,-1.2,PALM2
6045,-1.4,PAQR3
6046,-1.9,PCDH1; PCDH1
6047,-1.9,PCDH1; PCDH1
6049,-1.5,PCDH17
6050,-1.7,PCDH17
6051,-1.7,PCDH17
6052,-1.7,PCDH17
6053,-1.6,PCDH17
6055,–,PCDH7; PCDH7
6056,–,PCDH7; PCDH7
6057,–,PCDH7; PCDH7
6058,-1.2,PCDH8
6059,1.1,PCDH8
6060,-1.2,PCDH8
6061,1.2,PCDH8
6063,-1.4,PCDH8
6064,-1.4,PCDHB15
6065,-1.9,PCDHGA1; PCDHGA1; PCDHGA10; PCDHGA2; PCDHGA3; PCDHGA4; PCDHGA5; PCDHGA6; PCDHGA7
6066,-1.2,PCDHGA1; PCDHGA10; PCDHGA11; PCDHGA12; PCDHGA2; PCDHGA3; PCDHGA4; PCDHGA5; PCDHGA6; PCDHGA7; PCDHGA8; PCDHGA9; PCDHGB1; PCDHGB2; PCDHGB3; PCDHGB4; PCDHGB5; PCDHGB6; PCDHGB7; PCDHGC3; PCDHGC4; PCDHGC5
6067,-1.8,PCDHGA1; PCDHGA10; PCDHGA11; PCDHGA12; PCDHGA2; PCDHGA3; PCDHGA4; PCDHGA5; PCDHGA6; PCDHGA7; PCDHGA8; PCDHGA9; PCDHGB1; PCDHGB2; PCDHGB3; PCDHGB4; PCDHGB5; PCDHGB6; PCDHGB7; PCDHGC3; PCDHGC4; PCDHGC5
6069,–,PCDHGA1; PCDHGA10; PCDHGA11; PCDHGA12; PCDHGA2; PCDHGA3; PCDHGA4; PCDHGA5; PCDHGA6; PCDHGA7; PCDHGA8; PCDHGA9; PCDHGB1; PCDHGB2; PCDHGB3; PCDHGB4; PCDHGB5; PCDHGB6; PCDHGB7; PCDHGC3; PCDHGC4; PCDHGC5
6071,–,PCDHGA1; PCDHGA10; PCDHGA11; PCDHGA12; PCDHGA2; PCDHGA3; PCDHGA4; PCDHGA5; PCDHGA6; PCDHGA7; PCDHGA8; PCDHGA9; PCDHGB1; PCDHGB2; PCDHGB3; PCDHGB4; PCDHGB5; PCDHGB6; PCDHGB7; PCDHGC3; PCDHGC4; PCDHGC5
6073,–,PCDHGA1; PCDHGA10; PCDHGA11; PCDHGA12; PCDHGA2; PCDHGA3; PCDHGA4; PCDHGA5; PCDHGA6; PCDHGA7; PCDHGA8; PCDHGA9; PCDHGB1; PCDHGB2; PCDHGB3; PCDHGB4; PCDHGB5; PCDHGB6; PCDHGB7; PCDHGC3; PCDHGC4; PCDHGC5
6074,–,PCDHGA11
6076,1,PCNX; PCNX
6078,-1.5,PGAM5; PGAM5
6079,-1.5,PGAM5; PGAM5
6080,1.2,PGAP3
6081,-2,PGRMC1
6082,-1.1,PGRMC2
6085,-1.3,PLD3
6091,1.3,PLD5
6092,-1.5,PLD5
6093,-1.3,PLXNA2
6094,1.3,PLXNA2; PLXNA4
6095,1.1,PLXNA4
6096,1.2,PLXNA4
6097,-1,PLXNB2
6098,-1.6,PMEPA1
6099,-1.6,PMEPA1
6100,-1.6,PMEPA1
6101,1.2,PREB
6103,–,PRRT4
6104,-1.5,PTCH1; PTCH1
6105,-1.5,PTCH1; PTCH1
6107,1.2,PTPLAD1
6111,-1.3,PTTG1IP
6113,-1.9,PTTG1IP
6123,-1.3,PTTG1IP
6125,1.2,PVRL1
6127,-1.1,PVRL1
6131,-1.1,PVRL1
6132,-1.1,PVRL1
6133,-1.3,PVRL1
6134,-1.3,PVRL1
6135,-1.3,PVRL1
6136,–,PVRL2
6138,1.2,PVRL3
6139,1.2,PVRL3
6141,-1,RBP1; RBP1
6142,-1.9,RELT
6143,-1.1,RHBDF2
6144,1.6,RHOT1; RHOT1
6147,–,ROMO1
6149,1.1,RYR3
6150,-1.4,SCAMP1
6152,-1.4,SCAMP1
6154,1.4,SCAMP3
6155,-1.7,SCAMP3; SCAMP3
6156,-1.7,SCAMP3; SCAMP3
6157,-1.7,SCAMP3; SCAMP3
6158,-1.7,SCAMP3; SCAMP3
6159,-1.7,SCAMP3; SCAMP3
6162,-1.8,SCAMP3; SCAMP3
6164,-1.7,SCAMP3; SCAMP3
6165,–,SCAMP3; SCAMP3
6169,-1.8,SCAMP3; SCAMP3
6171,-1.2,SCAMP3; SCAMP3
6172,-1.1,SCARF2
6174,-1.6,SCD
6175,-1.6,SCD
6176,-1.3,SEC14L1
6177,-1.6,SEC22B; SEC22B
6179,-1.6,SEC22B; SEC22B
6180,1.1,SEMA6A
6181,1.1,SEMA6A
6183,-2.2,SEMA6D
6184,1.4,SERINC5
6185,-2.2,SEZ6L
6191,-1.3,SEZ6L
6197,-2.3,SEZ6L
6200,-2.2,SEZ6L
6205,-1.2,SEZ6L2; SEZ6L2
6206,-1.2,SEZ6L2; SEZ6L2
6207,-1.5,SFXN1
6208,-2,SHISA2
6209,-1.5,SLAMF7
6210,-1.2,SLC10A4
6215,-1.8,SLC10A4
6221,1,SLC10A4
6227,1.5,SLC12A4
6228,1.5,SLC12A4
6230,-1.2,SLC1A2
6231,1.1,SLC1A2
6232,-1,SLC1A4
6236,-1.2,SLC1A5
6242,-1.1,SLC20A1
6243,-2.5,SLC20A2
6244,–,SLC20A2
6246,2.2,SLC20A2
6247,–,SLC20A2
6248,1.3,SLC22A24
6249,-1.3,SLC22A7
6250,1.5,SLC25A13
6251,1.7,SLC25A3
6252,1,SLC25A3
6254,1,SLC25A3
6255,-1.1,SLC25A31; SLC25A4; SLC25A5; SLC25A6
6257,1.4,SLC25A4; SLC25A5; SLC25A6
6259,1.1,SLC25A4; SLC25A6
6260,1.1,SLC25A4; SLC25A6
6261,1.2,SLC25A5
6262,1.2,SLC25A5
6263,1.2,SLC25A5
6264,1.3,SLC29A4
6266,-1.3,SLC30A3
6267,-8.1,SLC35B3
6269,-1.1,SLC35D3
6271,-12.2,SLC35E1
6272,1.7,SLC37A3
6273,1.3,SLC38A2
6275,1,SLC38A2
6277,1.3,SLC38A2
6279,-1.2,SLC38A2
6285,-1.6,SLC38A2
6291,-1.2,SLC38A2
6292,–,SLC38A6; SLC38A6
6295,1,SLC39A3
6296,-1.2,SLC39A6
6297,–,SLC39A6
6300,1.1,SLC44A1
6303,-1.1,SLC4A10; SLC4A7; SLC4A7; SLC4A8
6305,–,SLC4A2
6306,-1.5,SLC4A2
6307,-3.8,SLC4A2
6308,-1.7,SLC4A7; SLC4A7
6310,-3.5,SLC4A7
6313,-2.7,SLC4A8
6314,-1.3,SLC7A11
6315,-2,SLC7A14
6316,1.1,SLC7A14
6318,1,SLC7A2
6320,-1.7,SLC7A6
6321,-1.1,SLCO3A1; SLCO3A1
6322,1.1,SLITRK6
6323,1.1,SMCR7
6324,1.6,SMPD2
6325,1.7,SPTLC1
6327,1.6,SRD5A2
6328,-1.3,SRP72
6331,–,STRA6
6332,–,STRA6
6333,-1.1,STX16; STX16
6334,-2,STX6
6336,-5.5,SV2C
6337,1.3,SYT1; SYT2; SYT5
6347,-1.9,SYT11
6356,-2.2,SYT11
6358,-7.1,SYT11
6362,1.1,SYT11
6364,-1.8,SYT11
6366,–,SYT3
6367,-1.7,SYT4
6368,-1.7,SYT4
6369,-2.6,SYT4
6370,–,SYT5
6371,–,SYT7
6373,-1.1,TBCD
6376,-1.5,TFRC
6378,-1.9,TFRC
6379,-2,TGFBR1
6382,-2.1,TMEM106B
6383,1.2,TMEM106B
6385,1.7,TMEM119
6386,1,TMEM132A
6387,-1.1,TMEM169
6388,-1.7,TMEM19
6389,-1,TMEM192
6391,-1,TMEM192
6392,2.2,TMEM198
6393,–,TMEM200B
6394,1.2,TMEM201
6395,1.2,TMEM201
6396,1,TMEM206
6398,1,TMEM206
6399,-1.4,TMEM209
6400,–,TMEM22
6401,–,TMEM22
6402,–,TMEM22
6404,1.2,TMEM30B
6405,-1.3,TMEM35
6406,-1.1,TMEM48
6407,-3.7,TMEM57; TMEM57
6409,-1.2,TMEM59
6411,–,TMEM66
6414,-2.3,TMEM9B
6415,1.2,TMIGD2
6416,-1.6,TMIGD2; TMIGD2
6418,-2.4,TNFRSF19; TNFRSF19
6419,1.2,TNFRSF1A
6420,-1.5,TNFRSF21
6421,-1.1,TREH
6423,–,TTYH2
6425,1.5,TTYH2
6426,–,TTYH2
6429,1.3,TTYH2
6430,1.3,TTYH2
6431,-1.4,TTYH3
6433,-1.7,TTYH3
6436,1.5,UGT8
6437,-2.1,UNC5B
6439,-1.2,UNC5B
6441,-1.2,UNC5B
6442,-1.2,UNC5B
6443,-2.6,UNC5B; UNC5C
6445,-1.4,UNC5C
6451,-1.6,UNC5C
6452,-1.5,UNC5C
6454,-1.8,UNC5C
6455,-1.8,UNC5C
6456,-1.5,UNC5C
6457,-1.8,UNC5C
6458,-1.8,UNC5C
6459,2,USP19; USP19
6460,1.9,VASN
6462,-1.3,VASN
6463,-2.8,VAT1
6465,1.4,VDAC1
6468,1.5,VDAC1
6469,1.4,VDAC1
6472,1.6,VDAC2
6473,1.1,VDAC3; VDAC3
6474,1.6,VPS13A; VPS13A; VPS13A
6476,1.1,VTA1
6478,-1.5,VTI1A
6480,-1.1,VTI1B
6482,-1.1,VTI1B
6486,-1.4,YIPF5
6487,-1.4,YIPF5
6488,1,YKT6
6489,-2.5,ZDHHC13
6490,-1.2,ZDHHC13
6491,1.1,ZDHHC17
6492,-1.3,ZDHHC20
6493,1,ZDHHC3; ZDHHC3
6495,-2.1,ZDHHC5
6496,-1.2,ZDHHC5
6497,1,ZDHHC7
6498,-1.7,ZDHHC8
6500,-1.7,ZDHHC8
6501,–,ZDHHC8
6502,–,ZDHHC8
6504,1,ZDHHC8
6505,-2,ZDHHC9
6507,-2.1,ZNRF3
6508,–,ZNRF3
6509,–,ZNRF3
6510,-2.1,ZNRF3
6511,-2.3,ZNRF3
Secreted protein,,
6514,–,APOOL
6517,–,APOOL
6518,–,APOOL
6520,1.1,C5
6521,-1.1,CALU; CALU
6522,1.3,CHID1; CHID1
6524,2,CYB5D2
6525,–,DHRS7
6526,–,DHRS7
6530,1.1,IK
6531,1.3,ITIH1
6532,1.5,MUC19
6533,1.5,MUC19
6534,-1.5,PDAP1
6535,-1.5,PDAP1
6537,1.4,RETSAT
6538,1.5,VGF
Transcriptional regulator,,
6540,-1,ACTR5
6541,-1.1,AIP
6543,1.2,ANP32A; ANP32B
6544,1.4,APEX1
6545,1.8,APEX1
6546,–,APEX1
6547,-1,BCLAF1; BCLAF1; BCLAF1
6549,1.2,BCLAF1; BCLAF1
6550,-1.9,BRCA2
6553,1.7,BUD31
6554,-1.9,CCNL1
6555,1.2,CIC
6558,1.6,CLOCK
6560,1.3,CNOT7
6561,1.3,CNOT7
6563,1,DCP1A
6567,1.1,DDX17; DDX17; DDX5
6568,-1.2,DDX20
6569,-1.1,DHX9
6570,-1.4,DHX9
6571,1,DHX9
6573,1.1,DHX9
6576,-1,DHX9
6577,2.1,DNAJA1
6581,1.7,ENO1
6583,1.4,ENO1; ENO2; ENO3
6588,1.3,FLII
6590,1.6,FUBP3
6591,1.6,FUBP3
6592,-1,GATAD2B
6594,–,GEMIN5
6595,-1.2,GTF2E1
6596,1.3,GTF2E1
6597,-1.1,GTF2I; GTF2I
6598,1.4,GTF3C3
6600,1.1,HDAC2
6603,1.1,HDAC2
6606,1.6,HMGB1
6607,-1.1,HNRNPU; HNRNPU
6608,1.2,HNRNPU; HNRNPU
6609,1.2,HNRNPU; HNRNPU
6610,1.2,HNRNPU; HNRNPU
6611,1.2,IVNS1ABP
6612,–,KANK2
6613,-1.3,KANK2
6614,-1.3,KANK2
6615,-1,KDM5A
6618,–,LZTS1
6620,–,LZTS1
6623,–,LZTS1
6625,–,MIER1
6626,–,MLLT11
6629,1.2,NCL
6631,1.6,NCL
6632,1.1,NCL
6635,1.7,NCL
6637,1.7,NCL
6638,1.7,NCL
6640,1.5,NCL
6642,1.1,NEDD8
6643,1.7,NEDD8
6644,1.3,NIF3L1
6645,1.3,NIF3L1
6646,1.3,NIF3L1
6647,1.3,NIF3L1
6648,1.1,PARK7
6652,1.3,PFDN5
6659,1.3,PFDN5
6662,1.5,PHB2
6667,2.1,PHB2
6668,1.2,PHB2
6669,-1,PHOX2A; PHOX2B
6670,-1.4,PIN1
6671,-1.4,PIN1
6672,1.4,POLR1C
6673,-1,POLR2A; POLR2A
6674,1.2,PRMT1; PRMT1
6675,1.2,PRMT1; PRMT1
6680,-1.3,RBBP4
6681,-15.4,RBM14
6682,-2.2,RBM39
6683,-1.2,RNF25
6684,1.8,RPL7; RPL7P32
6685,1.4,RPL7; RPL7P32
6686,–,RPL7
6687,-1.1,RTF1
6688,1,SAFB; SAFB; SAFB2
6689,1.2,SART3
6690,–,SART3
6691,-1.4,SFPQ
6694,1,SMAD2
6695,1.9,SMAD4
6696,1.9,SMAD4
6697,-1.2,SMARCD2
6701,1.6,SND1
6756,1.6,SND1
6765,-1.6,SND1
6766,1.1,SND1
6767,-1.1,SNF8
6768,2.9,SNRPE
6773,–,SQSTM1
6774,1.5,SSB
6778,1.4,STAT1
6779,1.4,STAT1
6783,1.2,SUPT16H
6785,1.4,SUPT16H
6786,1.3,TAF1B
6787,1.2,TBX2; TBX3
6788,1.1,TCF25
6789,-1.2,TCF3; TCF3
6790,1.1,TP53BP1
6791,1.1,TP53BP1
6792,–,TP53BP2
6793,1.7,TRIM25
6794,2.1,TRIP13
6796,1.1,TXNRD1; TXNRD1
6798,1.1,TXNRD1; TXNRD1
6800,1.1,TXNRD1; TXNRD1
6803,1.1,TXNRD1; TXNRD1
6804,-1,TXNRD1; TXNRD1
6811,1.9,UBE3A
6817,1.9,UBE3A
6818,-1.9,UBR5
6821,-1,UXT
6823,-1.1,YBX1
6827,-1.1,YBX1
6828,1,YBX1
6829,1.4,YLPM1; YLPM1
6830,1,ZMYM2
6831,1.1,ZNF208
6832,–,ZNF24
6833,-1.9,ZNF24
6834,-1.8,ZNF24
6836,-1.3,ZNF501
6837,-1.1,ZNF532
6838,–,ZNF69
Translation,,
6839,-1.1,CARS; CARS; CARS
6841,1.1,CARS; CARS; CARS
6844,–,CIRH1A
6847,1.1,EEF1A1; EEF1A1; EEF1A2
6851,1.3,EEF1A1
6855,1.2,EEF1A1
6858,1.2,EEF1A1; EEF1A2
6860,1.1,EEF1A1; EEF1A1
6861,1.1,EEF1A1; EEF1A1
6863,1.1,EEF1A1; EEF1A1
6865,1.1,EEF1A1; EEF1A1
6866,1.4,EEF1A2
6867,1.4,EEF1A2
6868,-1.2,EEF2
6870,–,EIF1
6871,1,EIF1; EIF1B
6873,-2.4,EIF1AX; EIF1AY
6875,1.5,EIF2A
6878,1.5,EIF2A
6880,-1,EIF2B1
6881,-1.3,EIF2S1
6884,-1,EIF2S1
6886,1.2,EIF2S2
6887,1.1,EIF3A
6888,1.3,EIF3B
6889,1.3,EIF3B
6890,1.3,EIF3B
6891,1.9,EIF3B
6894,1.9,EIF3B
6895,1.3,EIF3B
6896,1,EIF3C; EIF3CL
6897,1,EIF3C; EIF3CL
6898,1,EIF3D
6900,1,EIF3D
6902,–,EIF3D
6903,1.4,EIF3G
6904,–,EIF3I
6906,1.1,EIF3L
6907,1.6,EIF3L
6910,1.4,EIF4A2
6911,-1.3,EIF4B
6912,-1.2,EIF4B
6913,–,EIF4H
6914,–,EIF4H
6916,–,EIF4H
6919,-1.1,EIF5
6923,1.4,EIF5A
6925,1.4,EIF6
6926,1.6,EPRS
6930,1.7,EPRS
6931,-1.6,EPRS
6932,-1.6,EPRS
6933,1.5,FARSB
6934,1.6,GARS
6935,1.6,GARS
6936,1.6,GARS
6937,1.4,HARS
6938,-1.5,IGF2BP1
6940,1.6,IGF2BP1
6941,–,KARS; KARS
6942,-1.6,LSM14B
6945,1.1,MRPL22
6946,–,MRPL22
6947,1.1,MRPS17
6948,1.1,MRPS17
6949,1.3,NARS
6950,-1.1,QARS
6953,-1.2,RPL10A
6955,1.2,RPL14; RPL14
6956,1.1,RPL15
6958,-1,RPL15
6960,-1.2,RPL18A
6962,1.3,RPL18A
6963,1.1,RPL23
6965,-1.1,RPL30
6966,-1.3,RPL31; RPL31
6972,1,RPL31; RPL31
6974,1.4,RPL35A
6976,-1.2,RPL38
6977,1.1,RPL5
6978,1.1,RPL6
6980,-1,RPL8
6981,1.3,RPLP0; RPLP0-like
6983,1.5,RPS10
6986,-1.1,RPS10
6987,1.7,RPS11
6988,1.7,RPS13
6989,-1.3,RPS16
6992,1.1,RPS2
6994,1.1,RPS2
6995,-2.5,RPS21
6996,1.1,RPS24
6997,-1.1,RPS25
7000,-1.3,RPS25
7005,1.5,RPS27; RPS27L
7009,-1.2,RPS27A
7010,-1.2,RPS27A
7011,1.1,RPS27A
7013,1.1,RPS27A
7014,1.1,RPS3
7015,1.5,RPS3
7017,-1.7,RPS8; RPS8
7019,1.3,RPS9
7020,1.2,RPSA
7022,1.2,RPSA
7024,1.2,RPSA
7025,1.2,RPSA
7027,-1.4,RPSA
7028,-1.3,SMC1B
7029,1,TARS
7030,-1.1,TARS
7032,-1.2,VARS
Tumor suppressor,,
7033,-2.3,NUMB; NUMB; NUMB
7035,-1.1,PHF17
Ubiquitin conjugating system,,
7036,1.1,DTX3
7037,1.1,DTX3
7038,1.1,DTX3
7039,-2.1,FAF2
7042,-1.3,ITCH
7043,-1.3,NEDD4L; NEDD4L
7044,-1,NOSIP
7046,-1.3,NUB1; NUB1
7048,-1.2,PJA2
7049,1.1,PRPF19
7050,1.1,PRPF19
7052,–,RBCK1
7053,–,RFFL
7055,–,RFFL
7056,–,RFFL
7058,1.8,RNF2
7060,–,RNF213
7061,1.7,SPATA5
7062,-1.1,TRAF3
7064,-1.2,TRIM46
7065,-1.5,UBAP2L; UBAP2L
7066,1.3,UBE2E1; UBE2E2; UBE2E3
7067,-1.4,UBE2F
7068,1.3,UNK
7069,1.1,UNK
7070,1.3,UNK
7071,1.1,UNK
7072,1.3,UNK
7073,1.1,UNK
7074,-1.2,VPS11
7075,1.5,WDR48
7076,1.8,WDR48
7077,-2.8,WWP2
7078,1.2,ZNF598; ZNF598
7079,-1.3,ZNF598
Ubiquitin-like modifier,,
7082,1.3,UFM1
Unknown function,,
7087,–,ANKRD39
7089,-1.5,ANKRD39
7090,1.2,ANKRD39
7091,–,ANKRD39
7094,–,ANKS1A
7095,–,ANKS1A
7096,-1.5,ARHGAP39
7098,-1.1,ARRDC3
7101,-1.6,ARRDC3
7102,-1.3,ARRDC4
7104,-1.1,ATXN10
7105,-1.1,ATXN10
7110,-2.3,C12orf75
7111,-2.2,C12orf75
7113,–,C17orf75
7115,–,C18orf8
7116,–,C1orf177; C1orf177
7117,-1.2,C1orf21
7118,1,C1orf21
7121,1.7,C4orf45
7122,–,C9orf140
7124,1.1,CASKIN2
7126,1.4,CASKIN2
7130,–,CCDC132
7131,–,CCDC141; CCDC141
7133,1,CCDC22
7134,-1.1,CCDC94
7135,1.2,CDV3; CDV3
7136,1.2,CDV3; CDV3
7137,-1.2,CDV3
7139,-2.4,CLIP3
7141,-1.3,COX19
7142,–,CPNE4
7143,–,CPNE4
7144,1.2,CPNE8
7145,1.1,EXOC3L2
7146,–,FAM102B
7148,-5.2,FAM111B
7149,1.6,FAM129B
7150,-1.7,FAM129B
7151,1,FAM195B
7153,-3.2,FAM59B
7154,1,FAM91A1
7155,-4.3,FBXO24
7157,3.5,FSD2
7158,-1.1,GDAP2; GDAP2
7160,-1.8,GSDMD
7161,–,GTSF1
7162,–,HEATR7B1
7163,-2.1,ICA1
7165,1,IFIT5
7166,1,IFIT5
7169,1.6,IFIT5
7173,-2.1,IFT81
7176,1.3,KHNYN
7177,1.1,KIAA0947
7178,-1.1,LIMD2
7179,–,LIMS3
7182,–,LIMS3
7183,–,LIMS3
7186,-1.6,LIMS3
7187,-2,LIMS3
7191,1.6,LIMS3
7193,-1.8,LOC100290073; LOC100293876
7194,–,LYSMD1
7196,1.4,MAGED2
7199,1.3,NHLRC2
7200,-1.2,NT5DC2; NT5DC2
7202,-1.1,NUDCD3
7203,-1.1,OCIAD1
7205,-1.1,OCIAD1
7206,–,OCIAD1
7208,-1.1,OCIAD1
7212,-1.1,OTUD6B
7213,–,PALMD
7214,-1.3,PHF14; PHF14
7215,-1.1,PITHD1
7219,-4.4,RLTPR
7225,–,RLTPR
7227,1.1,SAMD9
7229,-2.6,SOCS4
7232,1.1,SPATS2L
7233,1.2,SPG20
7234,1.2,SPG20
7235,–,SPRYD7
7236,-1.1,ST5; ST5
7239,-4.9,ST5; ST5
7240,1.3,TBL2
7241,2.1,TIPRL
7246,1.2,TIPRL
7247,-1.5,TOM1
7249,1.2,TOM1L2
7250,1.2,TOM1L2
7251,–,TPD52L2
7252,–,TRAFD1
7253,–,TTC27
7255,1,TTC28
7257,1.2,UBXN6
7260,2.5,WDR18
7261,1.3,WDR54
7262,1.3,WDR54
7264,1.5,ZC3H13; ZC3H13
7266,-1.3,ZC3H13; ZC3H13
7267,1.4,ZC3HAV1L
7268,1.4,ZC3HAV1L
7271,-4.2,ZFAND5
7272,1.2,ZNF804B
Vesicle protein,,
7278,-1.1,AP2B1
7288,1.4,AP2B1
7290,1.5,AP2B1
7292,1.8,AP2B1
7297,1.2,AP2B1
7298,1.2,AP2B1
7299,1.2,AP2B1
7300,–,DOPEY1
7304,–,DOPEY1
7305,–,DOPEY1
7306,1.3,EHBP1
7307,-1.4,EXOC4
7309,-3.3,GOLGA3
7310,-1.5,NAPA; NAPB; NAPB
7312,1.1,NSFL1C
7313,1.1,PHLDB2
7314,–,SNAP23
7315,-1.7,SNAP29
7316,-1,SNX17
7317,-1.2,SNX27; SNX27
7318,-1.1,SNX9
7319,-1.3,STXBP1
7320,1.3,STXBP1
7322,1.3,TOLLIP
7323,1.2,TOLLIP
7324,1,TRAPPC8
7327,1,TRAPPC8
7328,–,VPS25
7330,1.4,VPS26A
7341,1,VPS26B
7342,1,VPS26B
7343,1,VPS26B
7344,1,VPS26B
7347,1.3,VPS26B
7350,1.9,VPS4A
7351,-1.8,VPS4A
c2h2-type zinc finger protein,,
7354,1.2,DZIP1
cancer testis antigen (cta),,
7355,1.2,CEP55
7356,1.2,CEP55
carbohydrate metabolism,,
7358,1.2,PRPS1; PRPS1L1; PRPS2
7360,1.2,PRPS2
cell adhesion,,
7364,-1.8,ERBB2IP
7367,-1.8,ERBB2IP
7368,-1.8,ERBB2IP
7369,1.4,ERBB2IP
7371,1.2,ERBB2IP
7373,–,FERMT3; FERMT3
7374,–,FERMT3; FERMT3
7376,-1.2,PKP4
7377,–,PKP4; PKP4
7378,–,PKP4; PKP4
7379,–,PKP4; PKP4
7380,-1.1,PKP4; PKP4
7383,–,PKP4; PKP4
7384,-1.1,PKP4; PKP4
7386,-1.1,PKP4; PKP4
7388,-1.1,PKP4; PKP4
7389,-1.1,PKP4; PKP4
7390,-1.1,PKP4; PKP4
7391,-1.1,PKP4; PKP4
7392,-1.6,PKP4; PKP4
7393,–,PKP4; PKP4; PKP4
7394,1.3,PKP4; PKP4
7396,-1,PKP4; PKP4
7397,1,PKP4; PKP4; PKP4
7398,1,PKP4; PKP4; PKP4
7399,-1.1,PKP4; PKP4; PKP4
7400,-1.1,PKP4; PKP4; PKP4
7401,-1.1,PKP4; PKP4; PKP4
7403,–,TJAP1
7404,-4.7,TJAP1
